date,close
19960102,620.73
19960103,621.32
19960104,617.7
19960105,616.71
19960108,618.46
19960109,609.45
19960110,598.48
19960111,602.69
19960112,601.81
19960115,599.82
19960116,608.44
19960117,606.37
19960118,608.24
19960119,611.83
19960122,613.4
19960123,612.79
19960124,619.96
19960125,617.03
19960126,621.62
19960129,624.22
19960130,630.15
19960131,636.02
19960201,638.46
19960202,635.84
19960205,641.43
19960206,646.33
19960207,649.93
19960208,656.07
19960209,656.37
19960212,661.45
19960213,660.51
19960214,655.58
19960215,651.32
19960216,647.98
19960220,640.65
19960221,648.1
19960222,658.86
19960223,659.08
19960226,650.46
19960227,647.24
19960228,644.75
19960229,640.43
19960301,644.37
19960304,650.81
19960305,655.79
19960306,652
19960307,653.65
19960308,633.5
19960311,640.02
19960312,637.09
19960313,638.55
19960314,640.87
19960315,641.43
19960318,652.65
19960319,651.69
19960320,649.98
19960321,649.19
19960322,650.62
19960325,650.04
19960326,652.97
19960327,648.91
19960328,648.94
19960329,645.5
19960401,653.73
19960402,655.26
19960403,655.88
19960404,655.86
19960408,644.24
19960409,642.19
19960410,633.5
19960411,631.18
19960412,636.71
19960415,642.49
19960416,645
19960417,641.61
19960418,643.61
19960419,645.07
19960422,647.89
19960423,651.58
19960424,650.17
19960425,652.87
19960426,653.46
19960429,654.16
19960430,654.17
19960501,654.58
19960502,643.38
19960503,641.63
19960506,640.81
19960507,638.26
19960508,644.77
19960509,645.44
19960510,652.09
19960513,661.51
19960514,665.6
19960515,665.42
19960516,664.85
19960517,668.91
19960520,673.15
19960521,672.76
19960522,678.42
19960523,676
19960524,678.51
19960528,672.23
19960529,667.93
19960530,671.7
19960531,669.12
19960603,667.68
19960604,672.56
19960605,678.44
19960606,673.03
19960607,673.31
19960610,672.16
19960611,670.97
19960612,669.04
19960613,667.92
19960614,665.85
19960617,665.16
19960618,662.06
19960619,661.96
19960620,662.1
19960621,666.84
19960624,668.85
19960625,668.48
19960626,664.39
19960627,668.55
19960628,670.63
19960701,675.88
19960702,673.61
19960703,672.4
19960705,657.44
19960708,652.54
19960709,654.75
19960710,656.06
19960711,645.67
19960712,646.19
19960715,629.8
19960716,628.37
19960717,634.07
19960718,643.56
19960719,638.73
19960722,633.77
19960723,626.87
19960724,626.65
19960725,631.17
19960726,635.9
19960729,630.91
19960730,635.26
19960731,639.95
19960801,650.02
19960802,662.49
19960805,660.23
19960806,662.38
19960807,664.16
19960808,662.59
19960809,662.1
19960812,665.77
19960813,660.2
19960814,662.05
19960815,662.28
19960816,665.21
19960819,666.58
19960820,665.69
19960821,665.07
19960822,670.68
19960823,667.03
19960826,663.88
19960827,666.4
19960828,664.81
19960829,657.4
19960830,651.99
19960903,654.72
19960904,655.61
19960905,649.44
19960906,655.68
19960909,663.76
19960910,663.81
19960911,667.28
19960912,671.15
19960913,680.54
19960916,683.98
19960917,682.94
19960918,681.47
19960919,683
19960920,687.03
19960923,686.48
19960924,685.61
19960925,685.83
19960926,685.86
19960927,686.19
19960930,687.31
19961001,689.08
19961002,694.01
19961003,692.78
19961004,701.46
19961007,703.34
19961008,700.64
19961009,696.74
19961010,694.61
19961011,700.66
19961014,703.54
19961015,702.57
19961016,704.41
19961017,706.99
19961018,710.82
19961021,709.85
19961022,706.57
19961023,707.27
19961024,702.29
19961025,700.92
19961028,697.26
19961029,701.5
19961030,700.9
19961031,705.27
19961101,703.77
19961104,706.73
19961105,714.14
19961106,724.59
19961107,727.65
19961108,730.82
19961111,731.87
19961112,729.56
19961113,731.13
19961114,735.88
19961115,737.62
19961118,737.02
19961119,742.16
19961120,743.95
19961121,742.75
19961122,748.73
19961125,757.03
19961126,755.96
19961127,755
19961129,757.02
19961202,756.56
19961203,748.28
19961204,745.1
19961205,744.38
19961206,739.6
19961209,749.76
19961210,747.54
19961211,740.73
19961212,729.33
19961213,728.64
19961216,720.98
19961217,726.04
19961218,731.54
19961219,745.76
19961220,748.87
19961223,746.92
19961224,751.03
19961226,755.82
19961227,756.79
19961230,753.85
19961231,740.74
19970102,737.01
19970103,748.03
19970106,747.65
19970107,753.23
19970108,748.41
19970109,754.85
19970110,759.5
19970113,759.51
19970114,768.86
19970115,767.2
19970116,769.75
19970117,776.17
19970120,776.7
19970121,782.72
19970122,786.23
19970123,777.56
19970124,770.52
19970127,765.02
19970128,765.02
19970129,772.5
19970130,784.17
19970131,786.16
19970203,786.73
19970204,789.26
19970205,778.28
19970206,780.15
19970207,789.56
19970210,785.43
19970211,789.59
19970212,802.77
19970213,811.82
19970214,808.48
19970218,816.29
19970219,812.49
19970220,802.8
19970221,801.77
19970224,810.28
19970225,812.1
19970226,805.68
19970227,795.07
19970228,790.82
19970303,795.31
19970304,790.95
19970305,801.99
19970306,798.56
19970307,804.97
19970310,813.65
19970311,811.34
19970312,804.26
19970313,789.56
19970314,793.17
19970317,795.71
19970318,789.66
19970319,785.77
19970320,782.65
19970321,784.1
19970324,790.89
19970325,789.07
19970326,790.5
19970327,773.88
19970331,757.12
19970401,759.64
19970402,750.11
19970403,750.32
19970404,757.9
19970407,762.13
19970408,766.12
19970409,760.6
19970410,758.34
19970411,737.65
19970414,743.73
19970415,754.72
19970416,763.53
19970417,761.77
19970418,766.34
19970421,760.37
19970422,774.61
19970423,773.64
19970424,771.18
19970425,765.37
19970428,772.96
19970429,794.05
19970430,801.34
19970501,798.53
19970502,812.97
19970505,830.24
19970506,827.76
19970507,815.62
19970508,820.26
19970509,824.78
19970512,837.66
19970513,833.13
19970514,836.04
19970515,841.88
19970516,829.75
19970519,833.27
19970520,841.66
19970521,839.35
19970522,835.66
19970523,847.03
19970527,849.71
19970528,847.21
19970529,844.08
19970530,848.28
19970602,846.36
19970603,845.48
19970604,840.11
19970605,843.43
19970606,858.01
19970609,862.91
19970610,865.27
19970611,869.57
19970612,883.48
19970613,893.27
19970616,893.9
19970617,894.42
19970618,889.06
19970619,897.99
19970620,898.7
19970623,878.62
19970624,896.34
19970625,888.99
19970626,883.68
19970627,887.3
19970630,885.14
19970701,891.03
19970702,904.03
19970703,916.92
19970707,912.2
19970708,918.75
19970709,907.54
19970710,913.78
19970711,916.68
19970714,918.38
19970715,925.76
19970716,936.59
19970717,931.61
19970718,915.3
19970721,912.94
19970722,933.98
19970723,936.56
19970724,940.3
19970725,938.79
19970728,936.45
19970729,942.29
19970730,952.29
19970731,954.29
19970801,947.14
19970804,950.3
19970805,952.37
19970806,960.32
19970807,951.19
19970808,933.54
19970811,937
19970812,926.53
19970813,922.02
19970814,924.77
19970815,900.81
19970818,912.49
19970819,926.01
19970820,939.35
19970821,925.05
19970822,923.55
19970825,920.16
19970826,913.02
19970827,913.7
19970828,903.67
19970829,899.47
19970902,927.58
19970903,927.86
19970904,930.87
19970905,929.05
19970908,931.2
19970909,933.62
19970910,919.03
19970911,912.59
19970912,923.91
19970915,919.77
19970916,945.64
19970917,943
19970918,947.29
19970919,950.51
19970922,955.43
19970923,951.93
19970924,944.48
19970925,937.91
19970926,945.22
19970929,953.34
19970930,947.28
19971001,955.41
19971002,960.46
19971003,965.03
19971006,972.69
19971007,983.12
19971008,973.84
19971009,970.62
19971010,966.98
19971013,968.1
19971014,970.28
19971015,965.72
19971016,955.23
19971017,944.16
19971020,955.61
19971021,972.28
19971022,968.49
19971023,950.69
19971024,941.64
19971027,876.99
19971028,921.85
19971029,919.16
19971030,903.68
19971031,914.62
19971103,938.99
19971104,940.76
19971105,942.76
19971106,938.03
19971107,927.51
19971110,921.13
19971111,923.78
19971112,905.96
19971113,916.66
19971114,928.35
19971117,946.2
19971118,938.23
19971119,944.59
19971120,958.98
19971121,963.09
19971124,946.67
19971125,950.82
19971126,951.64
19971128,955.4
19971201,974.77
19971202,971.68
19971203,976.77
19971204,973.1
19971205,983.79
19971208,982.37
19971209,975.78
19971210,969.79
19971211,954.94
19971212,953.39
19971215,963.39
19971216,968.04
19971217,965.54
19971218,955.3
19971219,946.78
19971222,953.7
19971223,939.13
19971224,932.7
19971226,936.46
19971229,953.35
19971230,970.84
19971231,970.43
19980102,975.04
19980105,977.07
19980106,966.58
19980107,964
19980108,956.05
19980109,927.69
19980112,939.21
19980113,952.12
19980114,957.94
19980115,950.73
19980116,961.51
19980120,978.6
19980121,970.81
19980122,963.04
19980123,957.59
19980126,956.95
19980127,969.02
19980128,977.46
19980129,985.49
19980130,980.28
19980202,1001.27
19980203,1006
19980204,1006.9
19980205,1003.54
19980206,1012.46
19980209,1010.74
19980210,1019.01
19980211,1020.01
19980212,1024.14
19980213,1020.09
19980217,1022.76
19980218,1032.08
19980219,1028.28
19980220,1034.21
19980223,1038.14
19980224,1030.56
19980225,1042.9
19980226,1048.67
19980227,1049.34
19980302,1047.7
19980303,1052.02
19980304,1047.33
19980305,1035.05
19980306,1055.69
19980309,1052.31
19980310,1064.25
19980311,1068.47
19980312,1069.92
19980313,1068.61
19980316,1079.27
19980317,1080.45
19980318,1085.52
19980319,1089.74
19980320,1099.16
19980323,1095.55
19980324,1105.65
19980325,1101.93
19980326,1100.8
19980327,1095.44
19980330,1093.55
19980331,1101.75
19980401,1108.15
19980402,1120.01
19980403,1122.7
19980406,1121.38
19980407,1109.55
19980408,1101.65
19980409,1110.67
19980413,1109.69
19980414,1115.75
19980415,1119.32
19980416,1108.17
19980417,1122.72
19980420,1123.65
19980421,1126.67
19980422,1130.54
19980423,1119.58
19980424,1107.9
19980427,1086.54
19980428,1085.11
19980429,1094.63
19980430,1111.75
19980501,1121
19980504,1122.07
19980505,1115.5
19980506,1104.92
19980507,1095.14
19980508,1108.14
19980511,1106.64
19980512,1115.79
19980513,1118.86
19980514,1117.37
19980515,1108.73
19980518,1105.82
19980519,1109.52
19980520,1119.06
19980521,1114.64
19980522,1110.47
19980526,1094.02
19980527,1092.23
19980528,1097.6
19980529,1090.82
19980601,1090.98
19980602,1093.22
19980603,1082.73
19980604,1094.83
19980605,1113.86
19980608,1115.72
19980609,1118.41
19980610,1112.28
19980611,1094.58
19980612,1098.84
19980615,1077.01
19980616,1087.59
19980617,1107.11
19980618,1106.37
19980619,1100.65
19980622,1103.24
19980623,1119.49
19980624,1132.88
19980625,1129.28
19980626,1133.2
19980629,1138.49
19980630,1133.84
19980701,1148.56
19980702,1146.42
19980706,1157.33
19980707,1154.66
19980708,1166.38
19980709,1158.56
19980710,1164.33
19980713,1165.19
19980714,1177.58
19980715,1174.81
19980716,1183.99
19980717,1186.75
19980720,1184.1
19980721,1165.07
19980722,1164.08
19980723,1139.75
19980724,1140.8
19980727,1147.27
19980728,1130.24
19980729,1125.21
19980730,1142.95
19980731,1120.67
19980803,1112.44
19980804,1072.12
19980805,1081.43
19980806,1089.63
19980807,1089.45
19980810,1083.14
19980811,1068.98
19980812,1084.22
19980813,1074.91
19980814,1062.75
19980817,1083.67
19980818,1101.2
19980819,1098.06
19980820,1091.6
19980821,1081.24
19980824,1088.14
19980825,1092.85
19980826,1084.19
19980827,1042.59
19980828,1027.14
19980831,957.28
19980901,994.26
19980902,990.47
19980903,982.26
19980904,973.89
19980908,1023.46
19980909,1006.2
19980910,980.19
19980911,1009.06
19980914,1029.72
19980915,1037.68
19980916,1045.48
19980917,1018.87
19980918,1020.09
19980921,1023.89
19980922,1029.63
19980923,1066.09
19980924,1042.72
19980925,1044.75
19980928,1048.69
19980929,1049.02
19980930,1017.01
19981001,986.39
19981002,1002.6
19981005,988.56
19981006,984.59
19981007,970.68
19981008,959.44
19981009,984.39
19981012,997.71
19981013,994.8
19981014,1005.53
19981015,1047.49
19981016,1056.42
19981019,1062.39
19981020,1063.93
19981021,1069.92
19981022,1078.48
19981023,1070.67
19981026,1072.32
19981027,1065.34
19981028,1068.09
19981029,1085.93
19981030,1098.67
19981102,1111.6
19981103,1110.84
19981104,1118.67
19981105,1133.85
19981106,1141.01
19981109,1130.2
19981110,1128.26
19981111,1120.97
19981112,1117.69
19981113,1125.72
19981116,1135.87
19981117,1139.32
19981118,1144.48
19981119,1152.61
19981120,1163.55
19981123,1188.21
19981124,1182.99
19981125,1186.87
19981127,1192.33
19981130,1163.63
19981201,1175.28
19981202,1171.25
19981203,1150.14
19981204,1176.74
19981207,1187.7
19981208,1181.38
19981209,1183.49
19981210,1165.02
19981211,1166.46
19981214,1141.2
19981215,1162.83
19981216,1161.94
19981217,1179.98
19981218,1188.03
19981221,1202.84
19981222,1203.57
19981223,1228.54
19981224,1226.27
19981228,1225.49
19981229,1241.81
19981230,1231.93
19981231,1229.23
19990104,1228.1
19990105,1244.78
19990106,1272.34
19990107,1269.73
19990108,1275.09
19990111,1263.88
19990112,1239.51
19990113,1234.4
19990114,1212.19
19990115,1243.26
19990119,1252
19990120,1256.62
19990121,1235.16
19990122,1225.19
19990125,1233.98
19990126,1252.31
19990127,1243.17
19990128,1265.37
19990129,1279.64
19990201,1273
19990202,1261.99
19990203,1272.07
19990204,1248.49
19990205,1239.4
19990208,1243.77
19990209,1216.14
19990210,1223.55
19990211,1254.04
19990212,1230.13
19990216,1241.87
19990217,1224.03
19990218,1237.28
19990219,1239.22
19990222,1272.14
19990223,1271.18
19990224,1253.41
19990225,1245.02
19990226,1238.33
19990301,1236.16
19990302,1225.5
19990303,1227.7
19990304,1246.64
19990305,1275.47
19990308,1282.73
19990309,1279.84
19990310,1286.84
19990311,1297.68
19990312,1294.59
19990315,1307.26
19990316,1306.38
19990317,1297.82
19990318,1316.55
19990319,1299.29
19990322,1297.01
19990323,1262.14
19990324,1268.59
19990325,1289.99
19990326,1282.8
19990329,1310.17
19990330,1300.75
19990331,1286.37
19990401,1293.72
19990405,1321.12
19990406,1317.89
19990407,1326.89
19990408,1343.98
19990409,1348.35
19990412,1358.64
19990413,1349.82
19990414,1328.44
19990415,1322.86
19990416,1319
19990419,1289.48
19990420,1306.17
19990421,1336.12
19990422,1358.82
19990423,1356.85
19990426,1360.04
19990427,1362.8
19990428,1350.91
19990429,1342.83
19990430,1335.18
19990503,1354.63
19990504,1332
19990505,1347.31
19990506,1332.05
19990507,1345
19990510,1340.3
19990511,1355.61
19990512,1364
19990513,1367.56
19990514,1337.8
19990517,1339.49
19990518,1333.32
19990519,1344.23
19990520,1338.83
19990521,1330.29
19990524,1306.65
19990525,1284.4
19990526,1304.76
19990527,1281.41
19990528,1301.84
19990601,1294.26
19990602,1294.81
19990603,1299.54
19990604,1327.75
19990607,1334.52
19990608,1317.33
19990609,1318.64
19990610,1302.82
19990611,1293.64
19990614,1294
19990615,1301.16
19990616,1330.41
19990617,1339.9
19990618,1342.84
19990621,1349
19990622,1335.88
19990623,1333.06
19990624,1315.78
19990625,1315.31
19990628,1331.35
19990629,1351.45
19990630,1372.71
19990701,1380.96
19990702,1391.22
19990706,1388.12
19990707,1395.86
19990708,1394.42
19990709,1403.28
19990712,1399.1
19990713,1393.56
19990714,1398.17
19990715,1409.62
19990716,1418.78
19990719,1407.65
19990720,1377.1
19990721,1379.29
19990722,1360.97
19990723,1356.94
19990726,1347.76
19990727,1362.84
19990728,1365.4
19990729,1341.03
19990730,1328.72
19990802,1328.05
19990803,1322.18
19990804,1305.33
19990805,1313.71
19990806,1300.29
19990809,1297.8
19990810,1281.43
19990811,1301.93
19990812,1298.16
19990813,1327.68
19990816,1330.77
19990817,1344.16
19990818,1332.84
19990819,1323.59
19990820,1336.61
19990823,1360.22
19990824,1363.5
19990825,1381.79
19990826,1362.01
19990827,1348.27
19990830,1324.02
19990831,1320.41
19990901,1331.07
19990902,1319.11
19990903,1357.24
19990907,1350.45
19990908,1344.15
19990909,1347.66
19990910,1351.66
19990913,1344.13
19990914,1336.29
19990915,1317.97
19990916,1318.48
19990917,1335.42
19990920,1335.53
19990921,1307.58
19990922,1310.51
19990923,1280.41
19990924,1277.36
19990927,1283.31
19990928,1282.2
19990929,1268.37
19990930,1282.71
19991001,1282.81
19991004,1304.6
19991005,1301.35
19991006,1325.4
19991007,1317.64
19991008,1336.02
19991011,1335.21
19991012,1313.04
19991013,1285.55
19991014,1283.42
19991015,1247.41
19991018,1254.13
19991019,1261.32
19991020,1289.43
19991021,1283.61
19991022,1301.65
19991025,1293.63
19991026,1281.91
19991027,1296.71
19991028,1342.44
19991029,1362.93
19991101,1354.12
19991102,1347.74
19991103,1354.93
19991104,1362.64
19991105,1370.23
19991108,1377.01
19991109,1365.28
19991110,1373.46
19991111,1381.46
19991112,1396.06
19991115,1394.39
19991116,1420.07
19991117,1410.71
19991118,1424.94
19991119,1422
19991122,1420.94
19991123,1404.64
19991124,1417.08
19991126,1416.62
19991129,1407.83
19991130,1388.91
19991201,1397.72
19991202,1409.04
19991203,1433.3
19991206,1423.33
19991207,1409.17
19991208,1403.88
19991209,1408.11
19991210,1417.04
19991213,1415.22
19991214,1403.17
19991215,1413.32
19991216,1418.78
19991217,1421.03
19991220,1418.09
19991221,1433.43
19991222,1436.13
19991223,1458.34
19991227,1457.1
19991228,1457.66
19991229,1463.46
19991230,1464.47
19991231,1469.25
20000103,1455.22
20000104,1399.42
20000105,1402.11
20000106,1403.45
20000107,1441.47
20000110,1457.6
20000111,1438.56
20000112,1432.25
20000113,1449.68
20000114,1465.15
20000118,1455.14
20000119,1455.9
20000120,1445.57
20000121,1441.36
20000124,1401.53
20000125,1410.03
20000126,1404.09
20000127,1398.56
20000128,1360.16
20000131,1394.46
20000201,1409.28
20000202,1409.12
20000203,1424.97
20000204,1424.37
20000207,1424.24
20000208,1441.75
20000209,1411.7
20000210,1416.83
20000211,1387.12
20000214,1389.94
20000215,1402.05
20000216,1387.67
20000217,1388.26
20000218,1346.09
20000222,1352.17
20000223,1360.69
20000224,1353.43
20000225,1333.36
20000228,1348.05
20000229,1366.42
20000301,1379.19
20000302,1381.76
20000303,1409.17
20000306,1391.28
20000307,1355.62
20000308,1366.7
20000309,1401.69
20000310,1395.07
20000313,1383.62
20000314,1359.15
20000315,1392.15
20000316,1458.47
20000317,1464.47
20000320,1456.63
20000321,1493.87
20000322,1500.64
20000323,1527.35
20000324,1527.46
20000327,1523.86
20000328,1507.73
20000329,1508.52
20000330,1487.92
20000331,1498.58
20000403,1505.97
20000404,1494.73
20000405,1487.37
20000406,1501.34
20000407,1516.35
20000410,1504.46
20000411,1500.59
20000412,1467.17
20000413,1440.51
20000414,1356.56
20000417,1401.44
20000418,1441.61
20000419,1427.47
20000420,1434.54
20000424,1429.86
20000425,1477.44
20000426,1460.99
20000427,1464.92
20000428,1452.43
20000501,1468.25
20000502,1446.29
20000503,1415.1
20000504,1409.57
20000505,1432.63
20000508,1424.17
20000509,1412.14
20000510,1383.05
20000511,1407.81
20000512,1420.96
20000515,1452.36
20000516,1466.04
20000517,1447.8
20000518,1437.21
20000519,1406.95
20000522,1400.72
20000523,1373.86
20000524,1399.05
20000525,1381.52
20000526,1378.02
20000530,1422.45
20000531,1420.6
20000601,1448.81
20000602,1477.26
20000605,1467.63
20000606,1457.84
20000607,1471.36
20000608,1461.67
20000609,1456.95
20000612,1446
20000613,1469.44
20000614,1470.54
20000615,1478.73
20000616,1464.46
20000619,1486
20000620,1475.95
20000621,1479.13
20000622,1452.18
20000623,1441.48
20000626,1455.31
20000627,1450.55
20000628,1454.82
20000629,1442.39
20000630,1454.6
20000703,1469.54
20000705,1446.23
20000706,1456.67
20000707,1478.9
20000710,1475.62
20000711,1480.88
20000712,1492.92
20000713,1495.84
20000714,1509.98
20000717,1510.49
20000718,1493.74
20000719,1481.96
20000720,1495.57
20000721,1480.19
20000724,1464.29
20000725,1474.47
20000726,1452.42
20000727,1449.62
20000728,1419.89
20000731,1430.83
20000801,1438.1
20000802,1438.7
20000803,1452.56
20000804,1462.93
20000807,1479.32
20000808,1482.8
20000809,1472.87
20000810,1460.25
20000811,1471.84
20000814,1491.56
20000815,1484.43
20000816,1479.85
20000817,1496.07
20000818,1491.72
20000821,1499.48
20000822,1498.13
20000823,1505.97
20000824,1508.31
20000825,1506.45
20000828,1514.09
20000829,1509.84
20000830,1502.59
20000831,1517.68
20000901,1520.77
20000905,1507.08
20000906,1492.25
20000907,1502.51
20000908,1494.5
20000911,1489.26
20000912,1481.99
20000913,1484.91
20000914,1480.87
20000915,1465.81
20000918,1444.51
20000919,1459.9
20000920,1451.34
20000921,1449.05
20000922,1448.72
20000925,1439.03
20000926,1427.21
20000927,1426.57
20000928,1458.29
20000929,1436.51
20001002,1436.23
20001003,1426.46
20001004,1434.32
20001005,1436.28
20001006,1408.99
20001009,1402.03
20001010,1387.02
20001011,1364.59
20001012,1329.78
20001013,1374.17
20001016,1374.62
20001017,1349.97
20001018,1342.13
20001019,1388.76
20001020,1396.93
20001023,1395.78
20001024,1398.13
20001025,1364.9
20001026,1364.44
20001027,1379.58
20001030,1398.66
20001031,1429.4
20001101,1421.22
20001102,1428.32
20001103,1426.69
20001106,1432.19
20001107,1431.87
20001108,1409.28
20001109,1400.14
20001110,1365.98
20001113,1351.26
20001114,1382.95
20001115,1389.81
20001116,1372.32
20001117,1367.72
20001120,1342.62
20001121,1347.35
20001122,1322.36
20001124,1341.77
20001127,1348.97
20001128,1336.09
20001129,1341.91
20001130,1314.95
20001201,1315.23
20001204,1324.97
20001205,1376.54
20001206,1351.46
20001207,1343.55
20001208,1369.89
20001211,1380.2
20001212,1371.18
20001213,1359.99
20001214,1340.93
20001215,1312.15
20001218,1322.74
20001219,1305.6
20001220,1264.74
20001221,1274.86
20001222,1305.97
20001226,1315.19
20001227,1328.92
20001228,1334.22
20001229,1320.28
20010102,1283.27
20010103,1347.56
20010104,1333.34
20010105,1298.35
20010108,1295.86
20010109,1300.8
20010110,1313.27
20010111,1326.82
20010112,1318.32
20010116,1326.65
20010117,1329.47
20010118,1347.97
20010119,1342.54
20010122,1342.9
20010123,1360.4
20010124,1364.3
20010125,1357.51
20010126,1354.95
20010129,1364.17
20010130,1373.73
20010131,1366.01
20010201,1373.47
20010202,1349.47
20010205,1354.31
20010206,1352.26
20010207,1340.89
20010208,1332.53
20010209,1314.76
20010212,1330.31
20010213,1318.8
20010214,1315.92
20010215,1326.61
20010216,1301.53
20010220,1278.94
20010221,1255.27
20010222,1252.82
20010223,1245.86
20010226,1267.65
20010227,1257.94
20010228,1239.94
20010301,1241.23
20010302,1234.18
20010305,1241.41
20010306,1253.8
20010307,1261.89
20010308,1264.74
20010309,1233.42
20010312,1180.16
20010313,1197.66
20010314,1166.71
20010315,1173.56
20010316,1150.53
20010319,1170.81
20010320,1142.62
20010321,1122.14
20010322,1117.58
20010323,1139.83
20010326,1152.69
20010327,1182.17
20010328,1153.29
20010329,1147.95
20010330,1160.33
20010402,1145.87
20010403,1106.46
20010404,1103.25
20010405,1151.44
20010406,1128.43
20010409,1137.59
20010410,1168.38
20010411,1165.89
20010412,1183.5
20010416,1179.68
20010417,1191.81
20010418,1238.16
20010419,1253.7
20010420,1242.98
20010423,1224.36
20010424,1209.47
20010425,1228.75
20010426,1234.52
20010427,1253.05
20010430,1249.46
20010501,1266.44
20010502,1267.43
20010503,1248.58
20010504,1266.61
20010507,1263.51
20010508,1261.2
20010509,1255.54
20010510,1255.18
20010511,1245.67
20010514,1248.92
20010515,1249.44
20010516,1284.99
20010517,1288.49
20010518,1291.96
20010521,1312.83
20010522,1309.38
20010523,1289.05
20010524,1293.17
20010525,1277.89
20010529,1267.93
20010530,1248.08
20010531,1255.82
20010601,1260.67
20010604,1267.11
20010605,1283.57
20010606,1270.03
20010607,1276.96
20010608,1264.96
20010611,1254.39
20010612,1255.85
20010613,1241.6
20010614,1219.87
20010615,1214.36
20010618,1208.43
20010619,1212.58
20010620,1223.14
20010621,1237.04
20010622,1225.35
20010625,1218.6
20010626,1216.76
20010627,1211.07
20010628,1226.2
20010629,1224.42
20010702,1236.71
20010703,1234.45
20010705,1219.24
20010706,1190.59
20010709,1198.78
20010710,1181.52
20010711,1180.18
20010712,1208.14
20010713,1215.68
20010716,1202.45
20010717,1214.44
20010718,1207.71
20010719,1215.02
20010720,1210.85
20010723,1191.03
20010724,1171.65
20010725,1190.49
20010726,1202.93
20010727,1205.82
20010730,1204.52
20010731,1211.23
20010801,1215.93
20010802,1220.75
20010803,1214.35
20010806,1200.48
20010807,1204.4
20010808,1183.53
20010809,1183.43
20010810,1190.16
20010813,1191.29
20010814,1186.73
20010815,1178.02
20010816,1181.66
20010817,1161.97
20010820,1171.41
20010821,1157.26
20010822,1165.31
20010823,1162.09
20010824,1184.93
20010827,1179.21
20010828,1161.51
20010829,1148.6
20010830,1129.03
20010831,1133.58
20010904,1132.94
20010905,1131.74
20010906,1106.4
20010907,1085.78
20010910,1092.54
20010917,1038.77
20010918,1032.74
20010919,1016.1
20010920,984.54
20010921,965.8
20010924,1003.45
20010925,1012.27
20010926,1007.04
20010927,1018.61
20010928,1040.94
20011001,1038.55
20011002,1051.33
20011003,1072.28
20011004,1069.63
20011005,1071.38
20011008,1062.44
20011009,1056.75
20011010,1080.99
20011011,1097.43
20011012,1091.65
20011015,1089.98
20011016,1097.54
20011017,1077.09
20011018,1068.61
20011019,1073.48
20011022,1089.9
20011023,1084.78
20011024,1085.2
20011025,1100.09
20011026,1104.61
20011029,1078.3
20011030,1059.79
20011031,1059.78
20011101,1084.1
20011102,1087.2
20011105,1102.84
20011106,1118.86
20011107,1115.8
20011108,1118.54
20011109,1120.31
20011112,1118.33
20011113,1139.09
20011114,1141.21
20011115,1142.24
20011116,1138.65
20011119,1151.06
20011120,1142.66
20011121,1137.03
20011123,1150.34
20011126,1157.42
20011127,1149.5
20011128,1128.52
20011129,1140.2
20011130,1139.45
20011203,1129.9
20011204,1144.8
20011205,1170.35
20011206,1167.1
20011207,1158.31
20011210,1139.93
20011211,1136.76
20011212,1137.07
20011213,1119.38
20011214,1123.09
20011217,1134.36
20011218,1142.92
20011219,1149.56
20011220,1139.93
20011221,1144.89
20011224,1144.65
20011226,1149.37
20011227,1157.13
20011228,1161.02
20011231,1148.08
20020102,1154.67
20020103,1165.27
20020104,1172.51
20020107,1164.89
20020108,1160.71
20020109,1155.14
20020110,1156.55
20020111,1145.6
20020114,1138.41
20020115,1146.19
20020116,1127.57
20020117,1138.88
20020118,1127.58
20020122,1119.31
20020123,1128.18
20020124,1132.15
20020125,1133.28
20020128,1133.06
20020129,1100.64
20020130,1113.57
20020131,1130.2
20020201,1122.2
20020204,1094.44
20020205,1090.02
20020206,1083.51
20020207,1080.17
20020208,1096.22
20020211,1111.94
20020212,1107.5
20020213,1118.51
20020214,1116.48
20020215,1104.18
20020219,1083.34
20020220,1097.98
20020221,1080.95
20020222,1089.84
20020225,1109.43
20020226,1109.38
20020227,1109.89
20020228,1106.73
20020301,1131.78
20020304,1153.84
20020305,1146.14
20020306,1162.77
20020307,1157.54
20020308,1164.31
20020311,1168.26
20020312,1165.58
20020313,1154.09
20020314,1153.04
20020315,1166.16
20020318,1165.55
20020319,1170.29
20020320,1151.85
20020321,1153.59
20020322,1148.7
20020325,1131.87
20020326,1138.49
20020327,1144.58
20020328,1147.39
20020401,1146.54
20020402,1136.76
20020403,1125.4
20020404,1126.34
20020405,1122.73
20020408,1125.29
20020409,1117.8
20020410,1130.47
20020411,1103.69
20020412,1111.01
20020415,1102.55
20020416,1128.37
20020417,1126.07
20020418,1124.47
20020419,1125.17
20020422,1107.83
20020423,1100.96
20020424,1093.14
20020425,1091.48
20020426,1076.32
20020429,1065.45
20020430,1076.92
20020501,1086.46
20020502,1084.56
20020503,1073.43
20020506,1052.67
20020507,1049.49
20020508,1088.85
20020509,1073.01
20020510,1054.99
20020513,1074.56
20020514,1097.28
20020515,1091.07
20020516,1098.23
20020517,1106.59
20020520,1091.88
20020521,1079.88
20020522,1086.02
20020523,1097.08
20020524,1083.82
20020528,1074.55
20020529,1067.66
20020530,1064.66
20020531,1067.14
20020603,1040.68
20020604,1040.69
20020605,1049.9
20020606,1029.15
20020607,1027.53
20020610,1030.74
20020611,1013.6
20020612,1020.26
20020613,1009.56
20020614,1007.27
20020617,1036.17
20020618,1037.14
20020619,1019.99
20020620,1006.29
20020621,989.14
20020624,992.72
20020625,976.14
20020626,973.53
20020627,990.64
20020628,989.82
20020701,968.65
20020702,948.09
20020703,953.99
20020705,989.03
20020708,976.98
20020709,952.83
20020710,920.47
20020711,927.37
20020712,921.39
20020715,917.93
20020716,901.05
20020717,906.04
20020718,881.56
20020719,847.76
20020722,819.85
20020723,797.7
20020724,843.42
20020725,838.68
20020726,852.84
20020729,898.96
20020730,902.78
20020731,911.62
20020801,884.66
20020802,864.24
20020805,834.6
20020806,859.57
20020807,876.77
20020808,905.46
20020809,908.64
20020812,903.8
20020813,884.21
20020814,919.62
20020815,930.25
20020816,928.77
20020819,950.72
20020820,937.43
20020821,949.36
20020822,962.7
20020823,940.86
20020826,947.95
20020827,934.82
20020828,917.87
20020829,917.8
20020830,916.07
20020903,878.02
20020904,893.4
20020905,879.15
20020906,893.92
20020909,902.96
20020910,909.58
20020911,909.45
20020912,886.91
20020913,889.81
20020916,891.1
20020917,873.52
20020918,869.46
20020919,843.32
20020920,845.39
20020923,833.7
20020924,819.29
20020925,839.66
20020926,854.95
20020927,827.37
20020930,815.28
20021001,847.91
20021002,827.91
20021003,818.95
20021004,800.58
20021007,785.28
20021008,798.55
20021009,776.76
20021010,803.92
20021011,835.32
20021014,841.44
20021015,881.27
20021016,860.02
20021017,879.2
20021018,884.39
20021021,899.72
20021022,890.16
20021023,896.14
20021024,882.5
20021025,897.65
20021028,890.23
20021029,882.15
20021030,890.71
20021031,885.77
20021101,900.96
20021104,908.35
20021105,915.39
20021106,923.76
20021107,902.65
20021108,894.74
20021111,876.19
20021112,882.95
20021113,882.53
20021114,904.27
20021115,909.83
20021118,900.36
20021119,896.74
20021120,914.15
20021121,933.76
20021122,930.55
20021125,932.88
20021126,913.31
20021127,938.87
20021129,936.31
20021202,934.53
20021203,920.75
20021204,917.57
20021205,906.55
20021206,912.23
20021209,892
20021210,904.45
20021211,904.96
20021212,901.59
20021213,889.48
20021216,910.4
20021217,902.99
20021218,891.12
20021219,884.25
20021220,895.75
20021223,897.38
20021224,892.47
20021226,889.66
20021227,875.4
20021230,879.39
20021231,879.82
20030102,909.03
20030103,908.59
20030106,929.01
20030107,922.93
20030108,909.93
20030109,927.58
20030110,927.57
20030113,926.26
20030114,931.66
20030115,918.22
20030116,914.6
20030117,901.78
20030121,887.62
20030122,878.36
20030123,887.34
20030124,861.4
20030127,847.48
20030128,858.54
20030129,864.36
20030130,844.61
20030131,855.7
20030203,860.32
20030204,848.2
20030205,843.59
20030206,838.15
20030207,829.69
20030210,835.97
20030211,829.2
20030212,818.68
20030213,817.37
20030214,834.89
20030218,851.17
20030219,845.13
20030220,837.1
20030221,848.17
20030224,832.58
20030225,838.57
20030226,827.56
20030227,837.28
20030228,841.15
20030303,834.81
20030304,821.99
20030305,829.85
20030306,822.1
20030307,828.89
20030310,807.48
20030311,800.73
20030312,804.19
20030313,831.9
20030314,833.27
20030317,862.79
20030318,866.75
20030319,874.02
20030320,875.67
20030321,895.79
20030324,864.23
20030325,874.74
20030326,869.95
20030327,868.52
20030328,863.5
20030331,848.18
20030401,858.48
20030402,880.9
20030403,876.45
20030404,878.85
20030407,879.93
20030408,878.29
20030409,865.99
20030410,871.58
20030411,868.3
20030414,885.23
20030415,890.81
20030416,879.91
20030417,893.58
20030421,892.01
20030422,911.37
20030423,919.02
20030424,911.43
20030425,898.81
20030428,914.84
20030429,917.84
20030430,916.92
20030501,916.3
20030502,930.08
20030505,926.55
20030506,934.39
20030507,929.62
20030508,920.27
20030509,933.41
20030512,945.11
20030513,942.3
20030514,939.28
20030515,946.67
20030516,944.3
20030519,920.77
20030520,919.73
20030521,923.42
20030522,931.87
20030523,933.22
20030527,951.48
20030528,953.22
20030529,949.64
20030530,963.59
20030602,967
20030603,971.56
20030604,986.24
20030605,990.14
20030606,987.76
20030609,975.93
20030610,984.84
20030611,997.48
20030612,998.51
20030613,988.61
20030616,1010.74
20030617,1011.66
20030618,1010.09
20030619,994.7
20030620,995.69
20030623,981.64
20030624,983.45
20030625,975.32
20030626,985.82
20030627,976.22
20030630,974.5
20030701,982.32
20030702,993.75
20030703,985.7
20030707,1004.42
20030708,1007.84
20030709,1002.21
20030710,988.7
20030711,998.14
20030714,1003.86
20030715,1000.42
20030716,994
20030717,981.73
20030718,993.32
20030721,978.8
20030722,988.11
20030723,988.61
20030724,981.6
20030725,998.68
20030728,996.52
20030729,989.28
20030730,987.47
20030731,990.31
20030801,980.15
20030804,982.82
20030805,965.46
20030806,967.08
20030807,974.12
20030808,977.59
20030811,980.59
20030812,990.35
20030813,984.03
20030814,990.51
20030815,990.67
20030818,999.74
20030819,1002.35
20030820,1000.3
20030821,1003.27
20030822,993.06
20030825,993.71
20030826,996.73
20030827,996.79
20030828,1002.84
20030829,1008.01
20030902,1021.99
20030903,1026.27
20030904,1027.97
20030905,1021.39
20030908,1031.64
20030909,1023.17
20030910,1010.92
20030911,1016.42
20030912,1018.63
20030915,1014.81
20030916,1029.32
20030917,1025.97
20030918,1039.58
20030919,1036.3
20030922,1022.82
20030923,1029.03
20030924,1009.38
20030925,1003.27
20030926,996.85
20030929,1006.58
20030930,995.97
20031001,1018.22
20031002,1020.24
20031003,1029.85
20031006,1034.35
20031007,1039.25
20031008,1033.78
20031009,1038.73
20031010,1038.06
20031013,1045.35
20031014,1049.48
20031015,1046.76
20031016,1050.07
20031017,1039.32
20031020,1044.68
20031021,1046.03
20031022,1030.36
20031023,1033.77
20031024,1028.91
20031027,1031.13
20031028,1046.79
20031029,1048.11
20031030,1046.94
20031031,1050.71
20031103,1059.02
20031104,1053.25
20031105,1051.81
20031106,1058.05
20031107,1053.21
20031110,1047.11
20031111,1046.57
20031112,1058.56
20031113,1058.41
20031114,1050.35
20031117,1043.63
20031118,1034.15
20031119,1042.44
20031120,1033.65
20031121,1035.28
20031124,1052.08
20031125,1053.89
20031126,1058.45
20031128,1058.2
20031201,1070.12
20031202,1066.62
20031203,1064.73
20031204,1069.72
20031205,1061.5
20031208,1069.3
20031209,1060.18
20031210,1059.05
20031211,1071.21
20031212,1074.14
20031215,1068.04
20031216,1075.13
20031217,1076.48
20031218,1089.18
20031219,1088.67
20031222,1092.94
20031223,1096.02
20031224,1094.04
20031226,1095.89
20031229,1109.48
20031230,1109.64
20031231,1111.92
20040102,1108.48
20040105,1122.22
20040106,1123.67
20040107,1126.33
20040108,1131.92
20040109,1121.86
20040112,1127.23
20040113,1121.22
20040114,1130.52
20040115,1132.05
20040116,1139.83
20040120,1138.77
20040121,1147.62
20040122,1143.94
20040123,1141.55
20040126,1155.37
20040127,1144.05
20040128,1128.48
20040129,1134.11
20040130,1131.13
20040202,1135.26
20040203,1136.03
20040204,1126.52
20040205,1128.59
20040206,1142.76
20040209,1139.81
20040210,1145.54
20040211,1157.76
20040212,1152.11
20040213,1145.81
20040217,1156.99
20040218,1151.82
20040219,1147.06
20040220,1144.11
20040223,1140.99
20040224,1139.09
20040225,1143.67
20040226,1144.91
20040227,1144.94
20040301,1155.96
20040302,1149.1
20040303,1151.04
20040304,1154.88
20040305,1156.87
20040308,1147.21
20040309,1140.58
20040310,1123.89
20040311,1106.78
20040312,1120.57
20040315,1104.49
20040316,1110.7
20040317,1123.75
20040318,1122.32
20040319,1109.78
20040322,1095.4
20040323,1093.95
20040324,1091.33
20040325,1109.19
20040326,1108.06
20040329,1122.47
20040330,1127
20040331,1126.21
20040401,1132.17
20040402,1141.81
20040405,1150.57
20040406,1148.16
20040407,1140.53
20040408,1139.32
20040412,1145.2
20040413,1129.44
20040414,1128.17
20040415,1128.84
20040416,1134.61
20040419,1135.82
20040420,1118.15
20040421,1124.09
20040422,1139.93
20040423,1140.6
20040426,1135.53
20040427,1138.11
20040428,1122.41
20040429,1113.89
20040430,1107.3
20040503,1117.49
20040504,1119.55
20040505,1121.53
20040506,1113.99
20040507,1098.7
20040510,1087.12
20040511,1095.45
20040512,1097.28
20040513,1096.44
20040514,1095.7
20040517,1084.1
20040518,1091.49
20040519,1088.68
20040520,1089.19
20040521,1093.56
20040524,1095.41
20040525,1113.05
20040526,1114.94
20040527,1121.28
20040528,1120.68
20040601,1121.2
20040602,1124.99
20040603,1116.64
20040604,1122.5
20040607,1140.42
20040608,1142.18
20040609,1131.33
20040610,1136.47
20040614,1125.29
20040615,1132.01
20040616,1133.56
20040617,1132.05
20040618,1135.02
20040621,1130.3
20040622,1134.41
20040623,1144.06
20040624,1140.65
20040625,1134.43
20040628,1133.35
20040629,1136.2
20040630,1140.84
20040701,1128.94
20040702,1125.38
20040706,1116.21
20040707,1118.33
20040708,1109.11
20040709,1112.81
20040712,1114.35
20040713,1115.14
20040714,1111.47
20040715,1106.69
20040716,1101.39
20040719,1100.9
20040720,1108.67
20040721,1093.88
20040722,1096.84
20040723,1086.2
20040726,1084.07
20040727,1094.83
20040728,1095.42
20040729,1100.43
20040730,1101.72
20040802,1106.62
20040803,1099.69
20040804,1098.63
20040805,1080.7
20040806,1063.97
20040809,1065.22
20040810,1079.04
20040811,1075.79
20040812,1063.23
20040813,1064.8
20040816,1079.34
20040817,1081.71
20040818,1095.17
20040819,1091.23
20040820,1098.35
20040823,1095.68
20040824,1096.19
20040825,1104.96
20040826,1105.09
20040827,1107.77
20040830,1099.15
20040831,1104.24
20040901,1105.91
20040902,1118.31
20040903,1113.63
20040907,1121.3
20040908,1116.27
20040909,1118.38
20040910,1123.92
20040913,1125.82
20040914,1128.33
20040915,1120.37
20040916,1123.5
20040917,1128.55
20040920,1122.2
20040921,1129.3
20040922,1113.56
20040923,1108.36
20040924,1110.11
20040927,1103.52
20040928,1110.06
20040929,1114.8
20040930,1114.58
20041001,1131.5
20041004,1135.17
20041005,1134.48
20041006,1142.05
20041007,1130.65
20041008,1122.14
20041011,1124.39
20041012,1121.84
20041013,1113.65
20041014,1103.29
20041015,1108.2
20041018,1114.02
20041019,1103.23
20041020,1103.66
20041021,1106.49
20041022,1095.74
20041025,1094.81
20041026,1111.09
20041027,1125.4
20041028,1127.44
20041029,1130.2
20041101,1130.51
20041102,1130.54
20041103,1143.2
20041104,1161.67
20041105,1166.17
20041108,1164.89
20041109,1164.08
20041110,1162.91
20041111,1173.48
20041112,1184.17
20041115,1183.81
20041116,1175.43
20041117,1181.94
20041118,1183.55
20041119,1170.34
20041122,1177.24
20041123,1176.94
20041124,1181.76
20041126,1182.65
20041129,1178.57
20041130,1173.82
20041201,1191.37
20041202,1190.33
20041203,1191.17
20041206,1190.25
20041207,1177.07
20041208,1182.81
20041209,1189.24
20041210,1188
20041213,1198.68
20041214,1203.38
20041215,1205.72
20041216,1203.21
20041217,1194.22
20041220,1194.65
20041221,1205.45
20041222,1209.57
20041223,1210.13
20041227,1204.92
20041228,1213.54
20041229,1213.45
20041230,1213.55
20041231,1211.92
20050103,1202.08
20050104,1188.05
20050105,1183.74
20050106,1187.89
20050107,1186.19
20050110,1190.25
20050111,1182.99
20050112,1187.7
20050113,1177.45
20050114,1184.52
20050118,1195.98
20050119,1184.63
20050120,1175.41
20050121,1167.87
20050124,1163.75
20050125,1168.41
20050126,1174.07
20050127,1174.55
20050128,1171.36
20050131,1181.27
20050201,1189.41
20050202,1193.19
20050203,1189.89
20050204,1203.03
20050207,1201.72
20050208,1202.3
20050209,1191.99
20050210,1197.01
20050211,1205.3
20050214,1206.14
20050215,1210.12
20050216,1210.34
20050217,1200.75
20050218,1201.59
20050222,1184.16
20050223,1190.8
20050224,1200.2
20050225,1211.37
20050228,1203.6
20050301,1210.41
20050302,1210.08
20050303,1210.47
20050304,1222.12
20050307,1225.31
20050308,1219.43
20050309,1207.01
20050310,1209.25
20050311,1200.08
20050314,1206.83
20050315,1197.75
20050316,1188.07
20050317,1190.21
20050318,1189.65
20050321,1183.78
20050322,1171.71
20050323,1172.53
20050324,1171.42
20050328,1174.28
20050329,1165.36
20050330,1181.41
20050331,1180.59
20050401,1172.92
20050404,1176.12
20050405,1181.39
20050406,1184.07
20050407,1191.14
20050408,1181.2
20050411,1181.21
20050412,1187.76
20050413,1173.79
20050414,1162.05
20050415,1142.62
20050418,1145.98
20050419,1152.78
20050420,1137.5
20050421,1159.95
20050422,1152.12
20050425,1162.1
20050426,1151.74
20050427,1156.38
20050428,1143.22
20050429,1156.85
20050502,1162.16
20050503,1161.17
20050504,1175.65
20050505,1172.63
20050506,1171.35
20050509,1178.84
20050510,1166.22
20050511,1171.11
20050512,1159.36
20050513,1154.05
20050516,1165.69
20050517,1173.8
20050518,1185.56
20050519,1191.08
20050520,1189.28
20050523,1193.86
20050524,1194.07
20050525,1190.01
20050526,1197.62
20050527,1198.78
20050531,1191.5
20050601,1202.22
20050602,1204.29
20050603,1196.02
20050606,1197.51
20050607,1197.26
20050608,1194.67
20050609,1200.93
20050610,1198.11
20050613,1200.82
20050614,1203.91
20050615,1206.58
20050616,1210.96
20050617,1216.96
20050620,1216.1
20050621,1213.61
20050622,1213.88
20050623,1200.73
20050624,1191.57
20050627,1190.69
20050628,1201.57
20050629,1199.85
20050630,1191.33
20050701,1194.44
20050705,1204.99
20050706,1194.94
20050707,1197.87
20050708,1211.86
20050711,1219.44
20050712,1222.21
20050713,1223.29
20050714,1226.5
20050715,1227.92
20050718,1221.13
20050719,1229.35
20050720,1235.2
20050721,1227.04
20050722,1233.68
20050725,1229.03
20050726,1231.16
20050727,1236.79
20050728,1243.72
20050729,1234.18
20050801,1235.35
20050802,1244.12
20050803,1245.04
20050804,1235.86
20050805,1226.42
20050808,1223.13
20050809,1231.38
20050810,1229.13
20050811,1237.81
20050812,1230.39
20050815,1233.87
20050816,1219.34
20050817,1220.24
20050818,1219.02
20050819,1219.71
20050822,1221.73
20050823,1217.57
20050824,1209.59
20050825,1212.39
20050826,1205.1
20050829,1212.28
20050830,1208.41
20050831,1220.33
20050901,1221.59
20050902,1218.02
20050906,1233.39
20050907,1236.36
20050908,1231.67
20050909,1241.48
20050912,1240.56
20050913,1231.2
20050914,1227.16
20050915,1227.73
20050916,1237.91
20050919,1231.02
20050920,1221.34
20050921,1210.2
20050922,1214.62
20050923,1215.29
20050926,1215.63
20050927,1215.66
20050928,1216.89
20050929,1227.68
20050930,1228.81
20051003,1226.7
20051004,1214.47
20051005,1196.39
20051006,1191.49
20051007,1195.9
20051010,1187.33
20051011,1184.87
20051012,1177.68
20051013,1176.84
20051014,1186.57
20051017,1190.1
20051018,1178.14
20051019,1195.76
20051020,1177.8
20051021,1179.59
20051024,1199.38
20051025,1196.54
20051026,1191.38
20051027,1178.9
20051028,1198.41
20051031,1207.01
20051101,1202.76
20051102,1214.76
20051103,1219.94
20051104,1220.14
20051107,1222.81
20051108,1218.59
20051109,1220.65
20051110,1230.96
20051111,1234.72
20051114,1233.76
20051115,1229.01
20051116,1231.21
20051117,1242.8
20051118,1248.27
20051121,1254.85
20051122,1261.23
20051123,1265.61
20051125,1268.25
20051128,1257.46
20051129,1257.48
20051130,1249.48
20051201,1264.67
20051202,1265.08
20051205,1262.09
20051206,1263.7
20051207,1257.37
20051208,1255.84
20051209,1259.37
20051212,1260.43
20051213,1267.43
20051214,1272.74
20051215,1270.94
20051216,1267.32
20051219,1259.92
20051220,1259.62
20051221,1262.79
20051222,1268.12
20051223,1268.66
20051227,1256.54
20051228,1258.17
20051229,1254.42
20051230,1248.29
20060103,1268.8
20060104,1273.46
20060105,1273.48
20060106,1285.45
20060109,1290.15
20060110,1289.69
20060111,1294.18
20060112,1286.06
20060113,1287.61
20060117,1282.93
20060118,1277.93
20060119,1285.04
20060120,1261.49
20060123,1263.82
20060124,1266.86
20060125,1264.68
20060126,1273.83
20060127,1283.72
20060130,1285.2
20060131,1280.08
20060201,1282.46
20060202,1270.84
20060203,1264.03
20060206,1265.02
20060207,1254.78
20060208,1265.65
20060209,1263.78
20060210,1266.99
20060213,1262.86
20060214,1275.53
20060215,1280
20060216,1289.38
20060217,1287.24
20060221,1283.03
20060222,1292.67
20060223,1287.79
20060224,1289.43
20060227,1294.12
20060228,1280.66
20060301,1291.24
20060302,1289.14
20060303,1287.23
20060306,1278.26
20060307,1275.88
20060308,1278.47
20060309,1272.23
20060310,1281.58
20060313,1284.13
20060314,1297.48
20060315,1303.02
20060316,1305.33
20060317,1307.25
20060320,1305.08
20060321,1297.23
20060322,1305.04
20060323,1301.67
20060324,1302.95
20060327,1301.61
20060328,1293.23
20060329,1302.89
20060330,1300.25
20060331,1294.83
20060403,1297.81
20060404,1305.93
20060405,1311.56
20060406,1309.04
20060407,1295.5
20060410,1296.6
20060411,1286.57
20060412,1288.12
20060413,1289.12
20060417,1285.33
20060418,1307.65
20060419,1309.93
20060420,1311.46
20060421,1311.28
20060424,1308.11
20060425,1301.74
20060426,1305.41
20060427,1309.72
20060428,1310.61
20060501,1305.19
20060502,1313.21
20060503,1307.85
20060504,1312.25
20060505,1325.76
20060508,1324.66
20060509,1325.14
20060510,1322.85
20060511,1305.92
20060512,1291.24
20060515,1294.5
20060516,1292.08
20060517,1270.32
20060518,1261.81
20060519,1267.03
20060522,1262.07
20060523,1256.58
20060524,1258.57
20060525,1272.88
20060526,1280.16
20060530,1259.84
20060531,1270.09
20060601,1285.71
20060602,1288.22
20060605,1265.29
20060606,1263.85
20060607,1256.15
20060608,1257.93
20060609,1252.3
20060612,1236.4
20060613,1223.69
20060614,1230.04
20060615,1256.16
20060616,1251.54
20060619,1240.14
20060620,1240.12
20060621,1252.2
20060622,1245.6
20060623,1244.5
20060626,1250.56
20060627,1239.2
20060628,1246
20060629,1272.87
20060630,1270.2
20060703,1280.19
20060705,1270.91
20060706,1274.08
20060707,1265.48
20060710,1267.34
20060711,1272.52
20060712,1258.6
20060713,1242.29
20060714,1236.2
20060717,1234.49
20060718,1236.86
20060719,1259.81
20060720,1249.13
20060721,1240.29
20060724,1260.91
20060725,1268.88
20060726,1268.4
20060727,1263.2
20060728,1278.55
20060731,1276.66
20060801,1270.92
20060802,1278.55
20060803,1280.27
20060804,1279.36
20060807,1275.77
20060808,1271.48
20060809,1265.95
20060810,1271.81
20060811,1266.74
20060814,1268.21
20060815,1285.58
20060816,1295.43
20060817,1297.48
20060818,1302.3
20060821,1297.52
20060822,1298.82
20060823,1292.99
20060824,1296.06
20060825,1295.09
20060828,1301.78
20060829,1304.28
20060830,1304.27
20060831,1303.82
20060901,1311.01
20060905,1313.25
20060906,1300.26
20060907,1294.02
20060908,1298.92
20060911,1299.54
20060912,1313.11
20060913,1318.07
20060914,1316.28
20060915,1319.87
20060918,1321.18
20060919,1318.31
20060920,1325.18
20060921,1318.03
20060922,1314.78
20060925,1326.37
20060926,1336.34
20060927,1336.59
20060928,1339.15
20060929,1335.85
20061002,1331.32
20061003,1334.11
20061004,1350.22
20061005,1353.22
20061006,1349.58
20061009,1350.66
20061010,1353.42
20061011,1349.95
20061012,1362.83
20061013,1365.62
20061016,1369.05
20061017,1364.05
20061018,1365.96
20061019,1366.96
20061020,1368.6
20061023,1377.02
20061024,1377.38
20061025,1382.22
20061026,1389.08
20061027,1377.34
20061030,1377.93
20061031,1377.94
20061101,1367.81
20061102,1367.34
20061103,1364.3
20061106,1379.78
20061107,1382.84
20061108,1385.72
20061109,1378.33
20061110,1380.9
20061113,1384.42
20061114,1393.22
20061115,1396.57
20061116,1399.76
20061117,1401.2
20061120,1400.5
20061121,1402.81
20061122,1406.09
20061124,1400.95
20061127,1381.9
20061128,1386.72
20061129,1399.48
20061130,1400.63
20061201,1396.71
20061204,1409.12
20061205,1414.76
20061206,1412.9
20061207,1407.29
20061208,1409.84
20061211,1413.04
20061212,1411.56
20061213,1413.21
20061214,1425.49
20061215,1427.09
20061218,1422.48
20061219,1425.55
20061220,1423.53
20061221,1418.3
20061222,1410.76
20061226,1416.9
20061227,1426.84
20061228,1424.73
20061229,1418.3
20070103,1416.6
20070104,1418.34
20070105,1409.71
20070108,1412.84
20070109,1412.11
20070110,1414.85
20070111,1423.82
20070112,1430.73
20070116,1431.9
20070117,1430.62
20070118,1426.37
20070119,1430.5
20070122,1422.95
20070123,1427.99
20070124,1440.13
20070125,1423.9
20070126,1422.18
20070129,1420.62
20070130,1428.82
20070131,1438.24
20070201,1445.94
20070202,1448.39
20070205,1446.99
20070206,1448
20070207,1450.02
20070208,1448.31
20070209,1438.06
20070212,1433.37
20070213,1444.26
20070214,1455.3
20070215,1456.81
20070216,1455.54
20070220,1459.68
20070221,1457.63
20070222,1456.38
20070223,1451.19
20070226,1449.37
20070227,1399.04
20070228,1406.82
20070301,1403.17
20070302,1387.17
20070305,1374.12
20070306,1395.41
20070307,1391.97
20070308,1401.89
20070309,1402.85
20070312,1406.6
20070313,1377.95
20070314,1387.17
20070315,1392.28
20070316,1386.95
20070319,1402.06
20070320,1410.94
20070321,1435.04
20070322,1434.54
20070323,1436.11
20070326,1437.5
20070327,1428.61
20070328,1417.23
20070329,1422.53
20070330,1420.86
20070402,1424.55
20070403,1437.77
20070404,1439.37
20070405,1443.76
20070409,1444.61
20070410,1448.39
20070411,1438.87
20070412,1447.8
20070413,1452.85
20070416,1468.47
20070417,1471.48
20070418,1472.5
20070419,1470.73
20070420,1484.35
20070423,1480.93
20070424,1480.41
20070425,1495.42
20070426,1494.25
20070427,1494.07
20070430,1482.37
20070501,1486.3
20070502,1495.92
20070503,1502.39
20070504,1505.62
20070507,1509.48
20070508,1507.72
20070509,1512.58
20070510,1491.47
20070511,1505.85
20070514,1503.15
20070515,1501.19
20070516,1514.14
20070517,1512.75
20070518,1522.75
20070521,1525.1
20070522,1524.12
20070523,1522.28
20070524,1507.51
20070525,1515.73
20070529,1518.11
20070530,1530.23
20070531,1530.62
20070601,1536.34
20070604,1539.18
20070605,1530.95
20070606,1517.38
20070607,1490.72
20070608,1507.67
20070611,1509.12
20070612,1493
20070613,1515.67
20070614,1522.97
20070615,1532.91
20070618,1531.05
20070619,1533.7
20070620,1512.84
20070621,1522.19
20070622,1502.56
20070625,1497.74
20070626,1492.89
20070627,1506.34
20070628,1505.71
20070629,1503.35
20070702,1519.43
20070703,1524.87
20070705,1525.4
20070706,1530.44
20070709,1531.85
20070710,1510.12
20070711,1518.76
20070712,1547.7
20070713,1552.5
20070716,1549.52
20070717,1549.37
20070718,1546.17
20070719,1553.08
20070720,1534.1
20070723,1541.57
20070724,1511.04
20070725,1518.09
20070726,1482.66
20070727,1458.95
20070730,1473.91
20070731,1455.27
20070801,1465.81
20070802,1472.2
20070803,1433.06
20070806,1467.67
20070807,1476.71
20070808,1497.49
20070809,1453.09
20070810,1453.64
20070813,1452.92
20070814,1426.54
20070815,1406.7
20070816,1411.27
20070817,1445.94
20070820,1445.55
20070821,1447.12
20070822,1464.07
20070823,1462.5
20070824,1479.37
20070827,1466.79
20070828,1432.36
20070829,1463.76
20070830,1457.64
20070831,1473.99
20070904,1489.42
20070905,1472.29
20070906,1478.55
20070907,1453.55
20070910,1451.7
20070911,1471.49
20070912,1471.56
20070913,1483.95
20070914,1484.25
20070917,1476.65
20070918,1519.78
20070919,1529.03
20070920,1518.75
20070921,1525.75
20070924,1517.73
20070925,1517.21
20070926,1525.42
20070927,1531.38
20070928,1526.75
20071001,1547.04
20071002,1546.63
20071003,1539.59
20071004,1542.84
20071005,1557.59
20071008,1552.58
20071009,1565.15
20071010,1562.47
20071011,1554.41
20071012,1561.8
20071015,1548.71
20071016,1538.53
20071017,1541.24
20071018,1540.08
20071019,1500.63
20071022,1506.33
20071023,1519.59
20071024,1515.88
20071025,1514.4
20071026,1535.28
20071029,1540.98
20071030,1531.02
20071031,1549.38
20071101,1508.44
20071102,1509.65
20071105,1502.17
20071106,1520.27
20071107,1475.62
20071108,1474.77
20071109,1453.7
20071112,1439.18
20071113,1481.05
20071114,1470.58
20071115,1451.15
20071116,1458.74
20071119,1433.27
20071120,1439.7
20071121,1416.77
20071123,1440.7
20071126,1407.22
20071127,1428.23
20071128,1469.02
20071129,1469.72
20071130,1481.14
20071203,1472.42
20071204,1462.79
20071205,1485.01
20071206,1507.34
20071207,1504.66
20071210,1515.96
20071211,1477.65
20071212,1486.59
20071213,1488.41
20071214,1467.95
20071217,1445.9
20071218,1454.98
20071219,1453
20071220,1460.12
20071221,1484.46
20071224,1496.45
20071226,1497.66
20071227,1476.37
20071228,1478.49
20071231,1468.36
20080102,1447.16
20080103,1447.16
20080104,1411.63
20080107,1416.18
20080108,1390.19
20080109,1409.13
20080110,1420.33
20080111,1401.02
20080114,1416.25
20080115,1380.95
20080116,1373.2
20080117,1333.25
20080118,1325.19
20080122,1310.5
20080123,1338.6
20080124,1352.07
20080125,1330.61
20080128,1353.97
20080129,1362.3
20080130,1355.81
20080131,1378.55
20080201,1395.42
20080204,1380.82
20080205,1336.64
20080206,1326.45
20080207,1336.91
20080208,1331.29
20080211,1339.13
20080212,1348.86
20080213,1367.21
20080214,1348.86
20080215,1349.99
20080219,1348.78
20080220,1360.03
20080221,1342.53
20080222,1353.11
20080225,1371.8
20080226,1381.29
20080227,1380.02
20080228,1367.68
20080229,1330.63
20080303,1331.34
20080304,1326.75
20080305,1333.7
20080306,1304.34
20080307,1293.37
20080310,1273.37
20080311,1320.65
20080312,1308.77
20080313,1315.48
20080314,1288.14
20080317,1276.6
20080318,1330.74
20080319,1298.42
20080320,1329.51
20080324,1349.88
20080325,1352.99
20080326,1341.13
20080327,1325.76
20080328,1315.22
20080331,1322.7
20080401,1370.18
20080402,1367.53
20080403,1369.31
20080404,1370.4
20080407,1372.54
20080408,1365.54
20080409,1354.49
20080410,1360.55
20080411,1332.83
20080414,1328.32
20080415,1334.43
20080416,1364.71
20080417,1365.56
20080418,1390.33
20080421,1388.17
20080422,1375.94
20080423,1379.93
20080424,1388.82
20080425,1397.84
20080428,1396.37
20080429,1390.94
20080430,1385.59
20080501,1409.34
20080502,1413.9
20080505,1407.49
20080506,1418.26
20080507,1392.57
20080508,1397.68
20080509,1388.28
20080512,1403.58
20080513,1403.04
20080514,1408.66
20080515,1423.57
20080516,1425.35
20080519,1426.63
20080520,1413.4
20080521,1390.71
20080522,1394.35
20080523,1375.93
20080527,1385.35
20080528,1390.84
20080529,1398.26
20080530,1400.38
20080602,1385.67
20080603,1377.65
20080604,1377.2
20080605,1404.05
20080606,1360.68
20080609,1361.76
20080610,1358.44
20080611,1335.49
20080612,1339.87
20080613,1360.03
20080616,1360.14
20080617,1350.93
20080618,1337.81
20080619,1342.83
20080620,1317.93
20080623,1318
20080624,1314.29
20080625,1321.97
20080626,1283.15
20080627,1278.38
20080630,1280
20080701,1284.91
20080702,1261.52
20080703,1262.9
20080707,1252.31
20080708,1273.7
20080709,1244.69
20080710,1253.39
20080711,1239.49
20080714,1228.3
20080715,1214.91
20080716,1245.36
20080717,1260.32
20080718,1260.68
20080721,1260
20080722,1277
20080723,1282.19
20080724,1252.54
20080725,1257.76
20080728,1234.37
20080729,1263.2
20080730,1284.26
20080731,1267.38
20080801,1260.31
20080804,1249.01
20080805,1284.88
20080806,1289.19
20080807,1266.07
20080808,1296.32
20080811,1305.32
20080812,1289.59
20080813,1285.83
20080814,1292.93
20080815,1298.2
20080818,1278.6
20080819,1266.69
20080820,1274.54
20080821,1277.72
20080822,1292.2
20080825,1266.84
20080826,1271.51
20080827,1281.66
20080828,1300.68
20080829,1282.83
20080902,1277.58
20080903,1274.98
20080904,1236.83
20080905,1242.31
20080908,1267.79
20080909,1224.51
20080910,1232.04
20080911,1249.05
20080912,1251.7
20080915,1192.7
20080916,1213.6
20080917,1156.39
20080918,1206.51
20080919,1255.08
20080922,1207.09
20080923,1188.22
20080924,1185.87
20080925,1209.18
20080926,1213.27
20080929,1106.42
20080930,1166.36
20081001,1161.06
20081002,1114.28
20081003,1099.23
20081006,1056.89
20081007,996.23
20081008,984.94
20081009,909.92
20081010,899.22
20081013,1003.35
20081014,998.01
20081015,907.84
20081016,946.43
20081017,940.55
20081020,985.4
20081021,955.05
20081022,896.78
20081023,908.11
20081024,876.77
20081027,848.92
20081028,940.51
20081029,930.09
20081030,954.09
20081031,968.75
20081103,966.3
20081104,1005.75
20081105,952.77
20081106,904.88
20081107,930.99
20081110,919.21
20081111,898.95
20081112,852.3
20081113,911.29
20081114,873.29
20081117,850.75
20081118,859.12
20081119,806.58
20081120,752.44
20081121,800.03
20081124,851.81
20081125,857.39
20081126,887.68
20081128,896.24
20081201,816.21
20081202,848.81
20081203,870.74
20081204,845.22
20081205,876.07
20081208,909.7
20081209,888.67
20081210,899.24
20081211,873.59
20081212,879.73
20081215,868.57
20081216,913.18
20081217,904.42
20081218,885.28
20081219,887.88
20081222,871.63
20081223,863.16
20081224,868.15
20081226,872.8
20081229,869.42
20081230,890.64
20081231,903.25
20090102,931.8
20090105,927.45
20090106,934.7
20090107,906.65
20090108,909.73
20090109,890.35
20090112,870.26
20090113,871.79
20090114,842.62
20090115,843.74
20090116,850.12
20090120,805.22
20090121,840.24
20090122,827.5
20090123,831.95
20090126,836.57
20090127,845.71
20090128,874.09
20090129,845.14
20090130,825.88
20090202,825.44
20090203,838.51
20090204,832.23
20090205,845.85
20090206,868.6
20090209,869.89
20090210,827.16
20090211,833.74
20090212,835.19
20090213,826.84
20090217,789.17
20090218,788.42
20090219,778.94
20090220,770.05
20090223,743.33
20090224,773.14
20090225,764.9
20090226,752.83
20090227,735.09
20090302,700.82
20090303,696.33
20090304,712.87
20090305,682.55
20090306,683.38
20090309,676.53
20090310,719.6
20090311,721.36
20090312,750.74
20090313,756.55
20090316,753.89
20090317,778.12
20090318,794.35
20090319,784.04
20090320,768.54
20090323,822.92
20090324,806.25
20090325,813.88
20090326,832.86
20090327,815.94
20090330,787.53
20090331,797.87
20090401,811.08
20090402,834.38
20090403,842.5
20090406,835.48
20090407,815.55
20090408,825.16
20090409,856.56
20090413,858.73
20090414,841.5
20090415,852.06
20090416,865.3
20090417,869.6
20090420,832.39
20090421,850.08
20090422,843.55
20090423,851.92
20090424,866.23
20090427,857.51
20090428,855.16
20090429,873.64
20090430,872.81
20090501,877.52
20090504,907.24
20090505,903.8
20090506,919.53
20090507,907.39
20090508,929.23
20090511,909.24
20090512,908.35
20090513,883.92
20090514,893.07
20090515,882.88
20090518,909.71
20090519,908.13
20090520,903.47
20090521,888.33
20090522,887
20090526,910.33
20090527,893.06
20090528,906.83
20090529,919.14
20090601,942.87
20090602,944.74
20090603,931.76
20090604,942.46
20090605,940.09
20090608,939.14
20090609,942.43
20090610,939.15
20090611,944.89
20090612,946.21
20090615,923.72
20090616,911.97
20090617,910.71
20090618,918.37
20090619,921.23
20090622,893.04
20090623,895.1
20090624,900.94
20090625,920.26
20090626,918.9
20090629,927.23
20090630,919.32
20090701,923.33
20090702,896.42
20090706,898.72
20090707,881.03
20090708,879.56
20090709,882.68
20090710,879.13
20090713,901.05
20090714,905.84
20090715,932.68
20090716,940.74
20090717,940.38
20090720,951.13
20090721,954.58
20090722,954.07
20090723,976.29
20090724,979.26
20090727,982.18
20090728,979.62
20090729,975.15
20090730,986.75
20090731,987.48
20090803,1002.63
20090804,1005.65
20090805,1002.72
20090806,997.08
20090807,1010.48
20090810,1007.1
20090811,994.35
20090812,1005.81
20090813,1012.73
20090814,1004.09
20090817,979.73
20090818,989.67
20090819,996.46
20090820,1007.37
20090821,1026.13
20090824,1025.57
20090825,1028
20090826,1028.12
20090827,1030.98
20090828,1028.93
20090831,1020.62
20090901,998.04
20090902,994.75
20090903,1003.24
20090904,1016.4
20090908,1025.39
20090909,1033.37
20090910,1044.14
20090911,1042.73
20090914,1049.34
20090915,1052.63
20090916,1068.76
20090917,1065.49
20090918,1068.3
20090921,1064.66
20090922,1071.66
20090923,1060.87
20090924,1050.78
20090925,1044.38
20090928,1062.98
20090929,1060.61
20090930,1057.08
20091001,1029.85
20091002,1025.21
20091005,1040.46
20091006,1054.72
20091007,1057.58
20091008,1065.48
20091009,1071.49
20091012,1076.19
20091013,1073.19
20091014,1092.02
20091015,1096.56
20091016,1087.68
20091019,1097.91
20091020,1091.06
20091021,1081.4
20091022,1092.91
20091023,1079.6
20091026,1066.95
20091027,1063.41
20091028,1042.63
20091029,1066.11
20091030,1036.19
20091102,1042.88
20091103,1045.41
20091104,1046.5
20091105,1066.63
20091106,1069.3
20091109,1093.08
20091110,1093.01
20091111,1098.51
20091112,1087.24
20091113,1093.48
20091116,1109.3
20091117,1110.32
20091118,1109.8
20091119,1094.9
20091120,1091.38
20091123,1106.24
20091124,1105.65
20091125,1110.63
20091127,1091.49
20091130,1095.63
20091201,1108.86
20091202,1109.24
20091203,1099.92
20091204,1105.98
20091207,1103.25
20091208,1091.94
20091209,1095.95
20091210,1102.35
20091211,1106.41
20091214,1114.11
20091215,1107.93
20091216,1109.18
20091217,1096.08
20091218,1102.47
20091221,1114.05
20091222,1118.02
20091223,1120.59
20091224,1126.48
20091228,1127.78
20091229,1126.2
20091230,1126.42
20091231,1115.1
20100104,1132.99
20100105,1136.52
20100106,1137.14
20100107,1141.69
20100108,1144.98
20100111,1146.98
20100112,1136.22
20100113,1145.68
20100114,1148.46
20100115,1136.03
20100119,1150.23
20100120,1138.04
20100121,1116.48
20100122,1091.76
20100125,1096.78
20100126,1092.17
20100127,1097.5
20100128,1084.53
20100129,1073.87
20100201,1089.19
20100202,1103.32
20100203,1097.28
20100204,1063.11
20100205,1066.19
20100208,1056.74
20100209,1070.52
20100210,1068.13
20100211,1078.47
20100212,1075.51
20100216,1094.87
20100217,1099.51
20100218,1106.75
20100219,1109.17
20100222,1108.01
20100223,1094.6
20100224,1105.24
20100225,1102.94
20100226,1104.49
20100301,1115.71
20100302,1118.31
20100303,1118.79
20100304,1122.97
20100305,1138.7
20100308,1138.5
20100309,1140.45
20100310,1145.61
20100311,1150.24
20100312,1149.99
20100315,1150.51
20100316,1159.46
20100317,1166.21
20100318,1165.83
20100319,1159.9
20100322,1165.81
20100323,1174.17
20100324,1167.72
20100325,1165.73
20100326,1166.59
20100329,1173.22
20100330,1173.27
20100331,1169.43
20100401,1178.1
20100405,1187.44
20100406,1189.44
20100407,1182.45
20100408,1186.44
20100409,1194.37
20100412,1196.48
20100413,1197.3
20100414,1210.65
20100415,1211.67
20100416,1192.13
20100419,1197.52
20100420,1207.17
20100421,1205.94
20100422,1208.67
20100423,1217.28
20100426,1212.05
20100427,1183.71
20100428,1191.36
20100429,1206.78
20100430,1186.69
20100503,1202.26
20100504,1173.6
20100505,1165.87
20100506,1128.15
20100507,1110.88
20100510,1159.73
20100511,1155.79
20100512,1171.67
20100513,1157.44
20100514,1135.68
20100517,1136.94
20100518,1120.8
20100519,1115.05
20100520,1071.59
20100521,1087.69
20100524,1073.65
20100525,1074.03
20100526,1067.95
20100527,1103.06
20100528,1089.41
20100601,1070.71
20100602,1098.38
20100603,1102.83
20100604,1064.88
20100607,1050.47
20100608,1062
20100609,1055.69
20100610,1086.84
20100611,1091.6
20100614,1089.63
20100615,1115.23
20100616,1114.61
20100617,1116.04
20100618,1117.51
20100621,1113.2
20100622,1095.31
20100623,1092.04
20100624,1073.69
20100625,1076.76
20100628,1074.57
20100629,1041.24
20100630,1030.71
20100701,1027.37
20100702,1022.58
20100706,1028.06
20100707,1060.27
20100708,1070.25
20100709,1077.96
20100712,1078.75
20100713,1095.34
20100714,1095.17
20100715,1096.48
20100716,1064.88
20100719,1071.25
20100720,1083.48
20100721,1069.59
20100722,1093.67
20100723,1102.66
20100726,1115.01
20100727,1113.84
20100728,1106.13
20100729,1101.53
20100730,1101.6
20100802,1125.86
20100803,1120.46
20100804,1127.24
20100805,1125.81
20100806,1121.64
20100809,1127.79
20100810,1121.06
20100811,1089.47
20100812,1083.61
20100813,1079.25
20100816,1079.38
20100817,1092.54
20100818,1094.16
20100819,1075.63
20100820,1071.69
20100823,1067.36
20100824,1051.87
20100825,1055.33
20100826,1047.22
20100827,1064.59
20100830,1048.92
20100831,1049.33
20100901,1080.29
20100902,1090.1
20100903,1104.51
20100907,1091.84
20100908,1098.87
20100909,1104.18
20100910,1109.55
20100913,1121.9
20100914,1121.1
20100915,1125.07
20100916,1124.66
20100917,1125.59
20100920,1142.71
20100921,1139.78
20100922,1134.28
20100923,1124.83
20100924,1148.67
20100927,1142.16
20100928,1147.7
20100929,1144.73
20100930,1141.2
20101001,1146.24
20101004,1137.03
20101005,1160.75
20101006,1159.97
20101007,1158.06
20101008,1165.15
20101011,1165.32
20101012,1169.77
20101013,1178.1
20101014,1173.81
20101015,1176.19
20101018,1184.71
20101019,1165.9
20101020,1178.17
20101021,1180.26
20101022,1183.08
20101025,1185.62
20101026,1185.64
20101027,1182.45
20101028,1183.78
20101029,1183.26
20101101,1184.38
20101102,1193.57
20101103,1197.96
20101104,1221.06
20101105,1225.85
20101108,1223.25
20101109,1213.4
20101110,1218.71
20101111,1213.54
20101112,1199.21
20101115,1197.75
20101116,1178.34
20101117,1178.59
20101118,1196.69
20101119,1199.73
20101122,1197.84
20101123,1180.73
20101124,1198.35
20101126,1189.4
20101129,1187.76
20101130,1180.55
20101201,1206.07
20101202,1221.53
20101203,1224.71
20101206,1223.12
20101207,1223.75
20101208,1228.28
20101209,1233
20101210,1240.4
20101213,1240.46
20101214,1241.59
20101215,1235.23
20101216,1242.87
20101217,1243.91
20101220,1247.08
20101221,1254.6
20101222,1258.84
20101223,1256.77
20101227,1257.54
20101228,1258.51
20101229,1259.78
20101230,1257.88
20101231,1257.64
20110103,1271.89
20110104,1270.2
20110105,1276.56
20110106,1273.85
20110107,1271.5
20110110,1269.75
20110111,1274.48
20110112,1285.96
20110113,1283.76
20110114,1293.24
20110118,1295.02
20110119,1281.92
20110120,1280.26
20110121,1283.35
20110124,1290.84
20110125,1291.18
20110126,1296.63
20110127,1299.54
20110128,1276.34
20110131,1286.12
20110201,1307.59
20110202,1304.03
20110203,1307.1
20110204,1310.87
20110207,1319.05
20110208,1324.57
20110209,1320.88
20110210,1321.87
20110211,1329.15
20110214,1332.32
20110215,1328.01
20110216,1336.32
20110217,1340.43
20110218,1343.01
20110222,1315.44
20110223,1307.4
20110224,1306.1
20110225,1319.88
20110228,1327.22
20110301,1306.33
20110302,1308.44
20110303,1330.97
20110304,1321.15
20110307,1310.13
20110308,1321.82
20110309,1320.02
20110310,1295.11
20110311,1304.28
20110314,1296.39
20110315,1281.87
20110316,1256.88
20110317,1273.72
20110318,1279.2
20110321,1298.38
20110322,1293.77
20110323,1297.54
20110324,1309.66
20110325,1313.8
20110328,1310.19
20110329,1319.44
20110330,1328.26
20110331,1325.83
20110401,1332.41
20110404,1332.87
20110405,1332.63
20110406,1335.54
20110407,1333.51
20110408,1328.17
20110411,1324.46
20110412,1314.16
20110413,1314.41
20110414,1314.52
20110415,1319.68
20110418,1305.14
20110419,1312.62
20110420,1330.36
20110421,1337.38
20110425,1335.25
20110426,1347.24
20110427,1355.66
20110428,1360.48
20110429,1363.61
20110502,1361.22
20110503,1356.62
20110504,1347.32
20110505,1335.1
20110506,1340.2
20110509,1346.29
20110510,1357.16
20110511,1342.08
20110512,1348.65
20110513,1337.77
20110516,1329.47
20110517,1328.98
20110518,1340.68
20110519,1343.6
20110520,1333.27
20110523,1317.37
20110524,1316.28
20110525,1320.47
20110526,1325.69
20110527,1331.1
20110531,1345.2
20110601,1314.55
20110602,1312.94
20110603,1300.16
20110606,1286.17
20110607,1284.94
20110608,1279.56
20110609,1289
20110610,1270.98
20110613,1271.83
20110614,1287.87
20110615,1265.42
20110616,1267.64
20110617,1271.5
20110620,1278.36
20110621,1295.52
20110622,1287.14
20110623,1283.5
20110624,1268.45
20110627,1280.1
20110628,1296.67
20110629,1307.41
20110630,1320.64
20110701,1339.67
20110705,1337.88
20110706,1339.22
20110707,1353.22
20110708,1343.8
20110711,1319.49
20110712,1313.64
20110713,1317.72
20110714,1308.87
20110715,1316.14
20110718,1305.44
20110719,1326.73
20110720,1325.84
20110721,1343.8
20110722,1345.02
20110725,1337.43
20110726,1331.94
20110727,1304.89
20110728,1300.67
20110729,1292.28
20110801,1286.94
20110802,1254.05
20110803,1260.34
20110804,1200.07
20110805,1199.38
20110808,1119.46
20110809,1172.53
20110810,1120.76
20110811,1172.64
20110812,1178.81
20110815,1204.49
20110816,1192.76
20110817,1193.89
20110818,1140.65
20110819,1123.53
20110822,1123.82
20110823,1162.35
20110824,1177.6
20110825,1159.27
20110826,1176.8
20110829,1210.08
20110830,1212.92
20110831,1218.89
20110901,1204.42
20110902,1173.97
20110906,1165.24
20110907,1198.62
20110908,1185.9
20110909,1154.23
20110912,1162.27
20110913,1172.87
20110914,1188.68
20110915,1209.11
20110916,1216.01
20110919,1204.09
20110920,1202.09
20110921,1166.76
20110922,1129.56
20110923,1136.43
20110926,1162.95
20110927,1175.38
20110928,1151.06
20110929,1160.4
20110930,1131.42
20111003,1099.23
20111004,1123.95
20111005,1144.03
20111006,1164.97
20111007,1155.46
20111010,1194.89
20111011,1195.54
20111012,1207.25
20111013,1203.66
20111014,1224.58
20111017,1200.86
20111018,1225.38
20111019,1209.88
20111020,1215.39
20111021,1238.25
20111024,1254.19
20111025,1229.05
20111026,1242
20111027,1284.59
20111028,1285.09
20111031,1253.3
20111101,1218.28
20111102,1237.9
20111103,1261.15
20111104,1253.23
20111107,1261.12
20111108,1275.92
20111109,1229.1
20111110,1239.7
20111111,1263.85
20111114,1251.78
20111115,1257.81
20111116,1236.91
20111117,1216.13
20111118,1215.65
20111121,1192.98
20111122,1188.04
20111123,1161.79
20111125,1158.67
20111128,1192.55
20111129,1195.19
20111130,1246.96
20111201,1244.58
20111202,1244.28
20111205,1257.08
20111206,1258.47
20111207,1261.01
20111208,1234.35
20111209,1255.19
20111212,1236.47
20111213,1225.73
20111214,1211.82
20111215,1215.75
20111216,1219.66
20111219,1205.35
20111220,1241.3
20111221,1243.72
20111222,1254
20111223,1265.33
20111227,1265.43
20111228,1249.64
20111229,1263.02
20111230,1257.6
20120103,1277.06
20120104,1277.3
20120105,1281.06
20120106,1277.81
20120109,1280.7
20120110,1292.08
20120111,1292.48
20120112,1295.5
20120113,1289.09
20120117,1293.67
20120118,1308.04
20120119,1314.5
20120120,1315.38
20120123,1316
20120124,1314.65
20120125,1326.06
20120126,1318.43
20120127,1316.33
20120130,1313.01
20120131,1312.41
20120201,1324.09
20120202,1325.54
20120203,1344.9
20120206,1344.33
20120207,1347.05
20120208,1349.96
20120209,1351.95
20120210,1342.64
20120213,1351.77
20120214,1350.5
20120215,1343.23
20120216,1358.04
20120217,1361.23
20120221,1362.21
20120222,1357.66
20120223,1363.46
20120224,1365.74
20120227,1367.59
20120228,1372.18
20120229,1365.68
20120301,1374.09
20120302,1369.63
20120305,1364.33
20120306,1343.36
20120307,1352.63
20120308,1365.91
20120309,1370.87
20120312,1371.09
20120313,1395.95
20120314,1394.28
20120315,1402.6
20120316,1404.17
20120319,1409.75
20120320,1405.52
20120321,1402.89
20120322,1392.78
20120323,1397.11
20120326,1416.51
20120327,1412.52
20120328,1405.54
20120329,1403.28
20120330,1408.47
20120402,1419.04
20120403,1413.38
20120404,1398.96
20120405,1398.08
20120409,1382.2
20120410,1358.59
20120411,1368.71
20120412,1387.57
20120413,1370.26
20120416,1369.57
20120417,1390.78
20120418,1385.14
20120419,1376.92
20120420,1378.53
20120423,1366.94
20120424,1371.97
20120425,1390.69
20120426,1399.98
20120427,1403.36
20120430,1397.91
20120501,1405.82
20120502,1402.31
20120503,1391.57
20120504,1369.1
20120507,1369.58
20120508,1363.72
20120509,1354.58
20120510,1357.99
20120511,1353.39
20120514,1338.35
20120515,1330.66
20120516,1324.8
20120517,1304.86
20120518,1295.22
20120521,1315.99
20120522,1316.63
20120523,1318.86
20120524,1320.68
20120525,1317.82
20120529,1332.42
20120530,1313.32
20120531,1310.33
20120601,1278.04
20120604,1278.18
20120605,1285.5
20120606,1315.13
20120607,1314.99
20120608,1325.66
20120611,1308.93
20120612,1324.18
20120613,1314.88
20120614,1329.1
20120615,1342.84
20120618,1344.78
20120619,1357.98
20120620,1355.69
20120621,1325.51
20120622,1335.02
20120625,1313.72
20120626,1319.99
20120627,1331.85
20120628,1329.04
20120629,1362.16
20120702,1365.51
20120703,1374.02
20120705,1367.58
20120706,1354.68
20120709,1352.46
20120710,1341.47
20120711,1341.45
20120712,1334.76
20120713,1356.78
20120716,1353.64
20120717,1363.67
20120718,1372.78
20120719,1376.51
20120720,1362.66
20120723,1350.52
20120724,1338.31
20120725,1337.89
20120726,1360.02
20120727,1385.97
20120730,1385.3
20120731,1379.32
20120801,1375.32
20120802,1365
20120803,1390.99
20120806,1394.23
20120807,1401.35
20120808,1402.22
20120809,1402.8
20120810,1405.87
20120813,1404.11
20120814,1403.93
20120815,1405.53
20120816,1415.51
20120817,1418.16
20120820,1418.13
20120821,1413.17
20120822,1413.49
20120823,1402.08
20120824,1411.13
20120827,1410.44
20120828,1409.3
20120829,1410.49
20120830,1399.48
20120831,1406.58
20120904,1404.94
20120905,1403.44
20120906,1432.12
20120907,1437.92
20120910,1429.08
20120911,1433.56
20120912,1436.56
20120913,1459.99
20120914,1465.77
20120917,1461.19
20120918,1459.32
20120919,1461.05
20120920,1460.26
20120921,1460.15
20120924,1456.89
20120925,1441.59
20120926,1433.32
20120927,1447.15
20120928,1440.67
20121001,1444.49
20121002,1445.75
20121003,1450.99
20121004,1461.4
20121005,1460.93
20121008,1455.88
20121009,1441.48
20121010,1432.56
20121011,1432.84
20121012,1428.59
20121015,1440.13
20121016,1454.92
20121017,1460.91
20121018,1457.34
20121019,1433.19
20121022,1433.82
20121023,1413.11
20121024,1408.75
20121025,1412.97
20121026,1411.94
20121031,1412.16
20121101,1427.59
20121102,1414.2
20121105,1417.26
20121106,1428.39
20121107,1394.53
20121108,1377.51
20121109,1379.85
20121112,1380.03
20121113,1374.53
20121114,1355.49
20121115,1353.33
20121116,1359.88
20121119,1386.89
20121120,1387.81
20121121,1391.03
20121123,1409.15
20121126,1406.29
20121127,1398.94
20121128,1409.93
20121129,1415.95
20121130,1416.18
20121203,1409.46
20121204,1407.05
20121205,1409.28
20121206,1413.94
20121207,1418.07
20121210,1418.55
20121211,1427.84
20121212,1428.48
20121213,1419.45
20121214,1413.58
20121217,1430.36
20121218,1446.79
20121219,1435.81
20121220,1443.69
20121221,1430.15
20121224,1426.66
20121226,1419.83
20121227,1418.1
20121228,1402.43
20121231,1426.19
20130102,1462.42
20130103,1459.37
20130104,1466.47
20130107,1461.89
20130108,1457.15
20130109,1461.02
20130110,1472.12
20130111,1472.05
20130114,1470.68
20130115,1472.34
20130116,1472.63
20130117,1480.94
20130118,1485.98
20130122,1492.56
20130123,1494.81
20130124,1494.82
20130125,1502.96
20130128,1500.18
20130129,1507.84
20130130,1501.96
20130131,1498.11
20130201,1513.17
20130204,1495.71
20130205,1511.29
20130206,1512.12
20130207,1509.39
20130208,1517.93
20130211,1517.01
20130212,1519.43
20130213,1520.33
20130214,1521.38
20130215,1519.79
20130219,1530.94
20130220,1511.95
20130221,1502.42
20130222,1515.6
20130225,1487.85
20130226,1496.94
20130227,1515.99
20130228,1514.68
20130301,1518.2
20130304,1525.2
20130305,1539.79
20130306,1541.46
20130307,1544.26
20130308,1551.18
20130311,1556.22
20130312,1552.48
20130313,1554.52
20130314,1563.23
20130315,1560.7
20130318,1552.1
20130319,1548.34
20130320,1558.71
20130321,1545.8
20130322,1556.89
20130325,1551.69
20130326,1563.77
20130327,1562.85
20130328,1569.19
20130401,1562.17
20130402,1570.25
20130403,1553.69
20130404,1559.98
20130405,1553.28
20130408,1563.07
20130409,1568.61
20130410,1587.73
20130411,1593.37
20130412,1588.85
20130415,1552.36
20130416,1574.57
20130417,1552.01
20130418,1541.61
20130419,1555.25
20130422,1562.5
20130423,1578.78
20130424,1578.79
20130425,1585.16
20130426,1582.24
20130429,1593.61
20130430,1597.57
20130501,1582.7
20130502,1597.59
20130503,1614.42
20130506,1617.5
20130507,1625.96
20130508,1632.69
20130509,1626.67
20130510,1633.7
20130513,1633.77
20130514,1650.34
20130515,1658.78
20130516,1650.47
20130517,1667.47
20130520,1666.29
20130521,1669.16
20130522,1655.35
20130523,1650.51
20130524,1649.6
20130528,1660.06
20130529,1648.36
20130530,1654.41
20130531,1630.74
20130603,1640.42
20130604,1631.38
20130605,1608.9
20130606,1622.56
20130607,1643.38
20130610,1642.81
20130611,1626.13
20130612,1612.52
20130613,1636.36
20130614,1626.73
20130617,1639.04
20130618,1651.81
20130619,1628.93
20130620,1588.19
20130621,1592.43
20130624,1573.09
20130625,1588.03
20130626,1603.26
20130627,1613.2
20130628,1606.28
20130701,1614.96
20130702,1614.08
20130703,1615.41
20130705,1631.89
20130708,1640.46
20130709,1652.32
20130710,1652.62
20130711,1675.02
20130712,1680.19
20130715,1682.5
20130716,1676.26
20130717,1680.91
20130718,1689.37
20130719,1692.09
20130722,1695.53
20130723,1692.39
20130724,1685.94
20130725,1690.25
20130726,1691.65
20130729,1685.33
20130730,1685.96
20130731,1685.73
20130801,1706.87
20130802,1709.67
20130805,1707.14
20130806,1697.37
20130807,1690.91
20130808,1697.48
20130809,1691.42
20130812,1689.47
20130813,1694.16
20130814,1685.39
20130815,1661.32
20130816,1655.83
20130819,1646.06
20130820,1652.35
20130821,1642.8
20130822,1656.96
20130823,1663.5
20130826,1656.78
20130827,1630.48
20130828,1634.96
20130829,1638.17
20130830,1632.97
20130903,1639.77
20130904,1653.08
20130905,1655.08
20130906,1655.17
20130909,1671.71
20130910,1683.99
20130911,1689.13
20130912,1683.42
20130913,1687.99
20130916,1697.6
20130917,1704.76
20130918,1725.52
20130919,1722.34
20130920,1709.91
20130923,1701.84
20130924,1697.42
20130925,1692.77
20130926,1698.67
20130927,1691.75
20130930,1681.55
20131001,1695
20131002,1693.87
20131003,1678.66
20131004,1690.5
20131007,1676.12
20131008,1655.45
20131009,1656.4
20131010,1692.56
20131011,1703.2
20131014,1710.14
20131015,1698.06
20131016,1721.54
20131017,1733.15
20131018,1744.5
20131021,1744.66
20131022,1754.67
20131023,1746.38
20131024,1752.07
20131025,1759.77
20131028,1762.11
20131029,1771.95
20131030,1763.31
20131031,1756.54
20131101,1761.64
20131104,1767.93
20131105,1762.97
20131106,1770.49
20131107,1747.15
20131108,1770.61
20131111,1771.89
20131112,1767.69
20131113,1782
20131114,1790.62
20131115,1798.18
20131118,1791.53
20131119,1787.87
20131120,1781.37
20131121,1795.85
20131122,1804.76
20131125,1802.48
20131126,1802.75
20131127,1807.23
20131129,1805.81
20131202,1800.9
20131203,1795.15
20131204,1792.81
20131205,1785.03
20131206,1805.09
20131209,1808.37
20131210,1802.62
20131211,1782.22
20131212,1775.5
20131213,1775.32
20131216,1786.54
20131217,1781
20131218,1810.65
20131219,1809.6
20131220,1818.32
20131223,1827.99
20131224,1833.32
20131226,1842.02
20131227,1841.4
20131230,1841.07
20131231,1848.36
20140102,1831.98
20140103,1831.37
20140106,1826.77
20140107,1837.88
20140108,1837.49
20140109,1838.13
20140110,1842.37
20140113,1819.2
20140114,1838.88
20140115,1848.38
20140116,1845.89
20140117,1838.7
20140121,1843.8
20140122,1844.86
20140123,1828.46
20140124,1790.29
20140127,1781.56
20140128,1792.5
20140129,1774.2
20140130,1794.19
20140131,1782.59
20140203,1741.89
20140204,1755.2
20140205,1751.64
20140206,1773.43
20140207,1797.02
20140210,1799.84
20140211,1819.75
20140212,1819.26
20140213,1829.83
20140214,1838.63
20140218,1840.76
20140219,1828.75
20140220,1839.78
20140221,1836.25
20140224,1847.61
20140225,1845.12
20140226,1845.16
20140227,1854.29
20140228,1859.45
20140303,1845.73
20140304,1873.91
20140305,1873.81
20140306,1877.03
20140307,1878.04
20140310,1877.17
20140311,1867.63
20140312,1868.2
20140313,1846.34
20140314,1841.13
20140317,1858.83
20140318,1872.25
20140319,1860.77
20140320,1872.01
20140321,1866.52
20140324,1857.44
20140325,1865.62
20140326,1852.56
20140327,1849.04
20140328,1857.62
20140331,1872.34
20140401,1885.52
20140402,1890.9
20140403,1888.77
20140404,1865.09
20140407,1845.04
20140408,1851.96
20140409,1872.18
20140410,1833.08
20140411,1815.69
20140414,1830.61
20140415,1842.98
20140416,1862.31
20140417,1864.85
20140421,1871.89
20140422,1879.55
20140423,1875.39
20140424,1878.61
20140425,1863.4
20140428,1869.43
20140429,1878.33
20140430,1883.95
20140501,1883.68
20140502,1881.14
20140505,1884.66
20140506,1867.72
20140507,1878.21
20140508,1875.63
20140509,1878.48
20140512,1896.65
20140513,1897.45
20140514,1888.53
20140515,1870.85
20140516,1877.86
20140519,1885.08
20140520,1872.83
20140521,1888.03
20140522,1892.49
20140523,1900.53
20140527,1911.91
20140528,1909.78
20140529,1920.03
20140530,1923.57
20140602,1924.97
20140603,1924.24
20140604,1927.88
20140605,1940.46
20140606,1949.44
20140609,1951.27
20140610,1950.79
20140611,1943.89
20140612,1930.11
20140613,1936.16
20140616,1937.78
20140617,1941.99
20140618,1956.98
20140619,1959.48
20140620,1962.87
20140623,1962.61
20140624,1949.98
20140625,1959.53
20140626,1957.22
20140627,1960.96
20140630,1960.23
20140701,1973.32
20140702,1974.62
20140703,1985.44
20140707,1977.65
20140708,1963.71
20140709,1972.83
20140710,1964.68
20140711,1967.57
20140714,1977.1
20140715,1973.28
20140716,1981.57
20140717,1958.12
20140718,1978.22
20140721,1973.63
20140722,1983.53
20140723,1987.01
20140724,1987.98
20140725,1978.34
20140728,1978.91
20140729,1969.95
20140730,1970.07
20140731,1930.67
20140801,1925.15
20140804,1938.99
20140805,1920.21
20140806,1920.24
20140807,1909.57
20140808,1931.59
20140811,1936.92
20140812,1933.75
20140813,1946.72
20140814,1955.18
20140815,1955.06
20140818,1971.74
20140819,1981.6
20140820,1986.51
20140821,1992.37
20140822,1988.4
20140825,1997.92
20140826,2000.02
20140827,2000.12
20140828,1996.74
20140829,2003.37
20140902,2002.28
20140903,2000.72
20140904,1997.65
20140905,2007.71
20140908,2001.54
20140909,1988.44
20140910,1995.69
20140911,1997.45
20140912,1985.54
20140915,1984.13
20140916,1998.98
20140917,2001.57
20140918,2011.36
20140919,2010.4
20140922,1994.29
20140923,1982.77
20140924,1998.3
20140925,1965.99
20140926,1982.85
20140929,1977.8
20140930,1972.29
20141001,1946.16
20141002,1946.17
20141003,1967.9
20141006,1964.82
20141007,1935.1
20141008,1968.89
20141009,1928.21
20141010,1906.13
20141013,1874.74
20141014,1877.7
20141015,1862.49
20141016,1862.76
20141017,1886.76
20141020,1904.01
20141021,1941.28
20141022,1927.11
20141023,1950.82
20141024,1964.58
20141027,1961.63
20141028,1985.05
20141029,1982.3
20141030,1994.65
20141031,2018.05
20141103,2017.81
20141104,2012.1
20141105,2023.57
20141106,2031.21
20141107,2031.92
20141110,2038.26
20141111,2039.68
20141112,2038.25
20141113,2039.33
20141114,2039.82
20141117,2041.32
20141118,2051.8
20141119,2048.72
20141120,2052.75
20141121,2063.5
20141124,2069.41
20141125,2067.03
20141126,2072.83
20141128,2067.56
20141201,2053.44
20141202,2066.55
20141203,2074.33
20141204,2071.92
20141205,2075.37
20141208,2060.31
20141209,2059.82
20141210,2026.14
20141211,2035.33
20141212,2002.33
20141215,1989.63
20141216,1972.74
20141217,2012.89
20141218,2061.23
20141219,2070.65
20141222,2078.54
20141223,2082.17
20141224,2081.88
20141226,2088.77
20141229,2090.57
20141230,2080.35
20141231,2058.9
20150102,2058.2
20150105,2020.58
20150106,2002.61
20150107,2025.9
20150108,2062.14
20150109,2044.81
20150112,2028.26
20150113,2023.03
20150114,2011.27
20150115,1992.67
20150116,2019.42
20150120,2022.55
20150121,2032.12
20150122,2063.15
20150123,2051.82
20150126,2057.09
20150127,2029.55
20150128,2002.16
20150129,2021.25
20150130,1994.99
20150202,2020.85
20150203,2050.03
20150204,2041.51
20150205,2062.52
20150206,2055.47
20150209,2046.74
20150210,2068.59
20150211,2068.53
20150212,2088.48
20150213,2096.99
20150217,2100.34
20150218,2099.68
20150219,2097.45
20150220,2110.3
20150223,2109.66
20150224,2115.48
20150225,2113.86
20150226,2110.74
20150227,2104.5
20150302,2117.39
20150303,2107.78
20150304,2098.53
20150305,2101.04
20150306,2071.26
20150309,2079.43
20150310,2044.16
20150311,2040.24
20150312,2065.95
20150313,2053.4
20150316,2081.19
20150317,2074.28
20150318,2099.5
20150319,2089.27
20150320,2108.1
20150323,2104.42
20150324,2091.5
20150325,2061.05
20150326,2056.15
20150327,2061.02
20150330,2086.24
20150331,2067.89
20150401,2059.69
20150402,2066.96
20150406,2080.62
20150407,2076.33
20150408,2081.9
20150409,2091.18
20150410,2102.06
20150413,2092.43
20150414,2095.84
20150415,2106.63
20150416,2104.99
20150417,2081.18
20150420,2100.4
20150421,2097.29
20150422,2107.96
20150423,2112.93
20150424,2117.69
20150427,2108.92
20150428,2114.76
20150429,2106.85
20150430,2085.51
20150501,2108.29
20150504,2114.49
20150505,2089.46
20150506,2080.15
20150507,2088
20150508,2116.1
20150511,2105.33
20150512,2099.12
20150513,2098.48
20150514,2121.1
20150515,2122.73
20150518,2129.2
20150519,2127.83
20150520,2125.85
20150521,2130.82
20150522,2126.06
20150526,2104.2
20150527,2123.48
20150528,2120.79
20150529,2107.39
20150601,2111.73
20150602,2109.6
20150603,2114.07
20150604,2095.84
20150605,2092.83
20150608,2079.28
20150609,2080.15
20150610,2105.2
20150611,2108.86
20150612,2094.11
20150615,2084.43
20150616,2096.29
20150617,2100.44
20150618,2121.24
20150619,2109.99
20150622,2122.85
20150623,2124.2
20150624,2108.58
20150625,2102.31
20150626,2101.49
20150629,2057.64
20150630,2063.11
20150701,2077.42
20150702,2076.78
20150706,2068.76
20150707,2081.34
20150708,2046.68
20150709,2051.31
20150710,2076.62
20150713,2099.6
20150714,2108.95
20150715,2107.4
20150716,2124.29
20150717,2126.64
20150720,2128.28
20150721,2119.21
20150722,2114.15
20150723,2102.15
20150724,2079.65
20150727,2067.64
20150728,2093.25
20150729,2108.57
20150730,2108.63
20150731,2103.84
20150803,2098.04
20150804,2093.32
20150805,2099.84
20150806,2083.56
20150807,2077.57
20150810,2104.18
20150811,2084.07
20150812,2086.05
20150813,2083.39
20150814,2091.54
20150817,2102.44
20150818,2096.92
20150819,2079.61
20150820,2035.73
20150821,1970.89
20150824,1893.21
20150825,1867.61
20150826,1940.51
20150827,1987.66
20150828,1988.87
20150831,1972.18
20150901,1913.85
20150902,1948.86
20150903,1951.13
20150904,1921.22
20150908,1969.41
20150909,1942.04
20150910,1952.29
20150911,1961.05
20150914,1953.03
20150915,1978.09
20150916,1995.31
20150917,1990.2
20150918,1958.03
20150921,1966.97
20150922,1942.74
20150923,1938.76
20150924,1932.24
20150925,1931.34
20150928,1881.77
20150929,1884.09
20150930,1920.03
20151001,1923.82
20151002,1951.36
20151005,1987.05
20151006,1979.92
20151007,1995.83
20151008,2013.43
20151009,2014.89
20151012,2017.46
20151013,2003.69
20151014,1994.24
20151015,2023.86
20151016,2033.11
20151019,2033.66
20151020,2030.77
20151021,2018.94
20151022,2052.51
20151023,2075.15
20151026,2071.18
20151027,2065.89
20151028,2090.35
20151029,2089.41
20151030,2079.36
20151102,2104.05
20151103,2109.79
20151104,2102.31
20151105,2099.93
20151106,2099.2
20151109,2078.58
20151110,2081.72
20151111,2075
20151112,2045.97
20151113,2023.04
20151116,2053.19
20151117,2050.44
20151118,2083.58
20151119,2081.24
20151120,2089.17
20151123,2086.59
20151124,2089.14
20151125,2088.87
20151127,2090.11
20151130,2080.41
20151201,2102.63
20151202,2079.51
20151203,2049.62
20151204,2091.69
20151207,2077.07
20151208,2063.59
20151209,2047.62
20151210,2052.23
20151211,2012.37
20151214,2021.94
20151215,2043.41
20151216,2073.07
20151217,2041.89
20151218,2005.55
20151221,2021.15
20151222,2038.97
20151223,2064.29
20151224,2060.99
20151228,2056.5
20151229,2078.36
20151230,2063.36
20151231,2043.94
20160104,2012.66
20160105,2016.71
20160106,1990.26
20160107,1943.09
20160108,1922.03
20160111,1923.67
20160112,1938.68
20160113,1890.28
20160114,1921.84
20160115,1880.33
20160119,1881.33
20160120,1859.33
20160121,1868.99
20160122,1906.9
20160125,1877.08
20160126,1903.63
20160127,1882.95
20160128,1893.36
20160129,1940.24
20160201,1939.38
20160202,1903.03
20160203,1912.53
20160204,1915.45
20160205,1880.05
20160208,1853.44
20160209,1852.21
20160210,1851.86
20160211,1829.08
20160212,1864.78
20160216,1895.58
20160217,1926.82
20160218,1917.83
20160219,1917.78
20160222,1945.5
20160223,1921.27
20160224,1929.8
20160225,1951.7
20160226,1948.05
20160229,1932.23
20160301,1978.35
20160302,1986.45
20160303,1993.4
20160304,1999.99
20160307,2001.76
20160308,1979.26
20160309,1989.26
20160310,1989.57
20160311,2022.19
20160314,2019.64
20160315,2015.93
20160316,2027.22
20160317,2040.59
20160318,2049.58
20160321,2051.6
20160322,2049.8
20160323,2036.71
20160324,2035.94
20160328,2037.05
20160329,2055.01
20160330,2063.95
20160331,2059.74
20160401,2072.78
20160404,2066.13
20160405,2045.17
20160406,2066.66
20160407,2041.91
20160408,2047.6
20160411,2041.99
20160412,2061.72
20160413,2082.42
20160414,2082.78
20160415,2080.73
20160418,2094.34
20160419,2100.8
20160420,2102.4
20160421,2091.48
20160422,2091.58
20160425,2087.79
20160426,2091.7
20160427,2095.15
20160428,2075.81
20160429,2065.3
20160502,2081.43
20160503,2063.37
20160504,2051.12
20160505,2050.63
20160506,2057.14
20160509,2058.69
20160510,2084.39
20160511,2064.46
20160512,2064.11
20160513,2046.61
20160516,2066.66
20160517,2047.21
20160518,2047.63
20160519,2040.04
20160520,2052.32
20160523,2048.04
20160524,2076.06
20160525,2090.54
20160526,2090.1
20160527,2099.06
20160531,2096.96
20160601,2099.33
20160602,2105.26
20160603,2099.13
20160606,2109.41
20160607,2112.13
20160608,2119.12
20160609,2115.48
20160610,2096.07
20160613,2079.06
20160614,2075.32
20160615,2071.5
20160616,2077.99
20160617,2071.22
20160620,2083.25
20160621,2088.9
20160622,2085.45
20160623,2113.32
20160624,2037.41
20160627,2000.54
20160628,2036.09
20160629,2070.77
20160630,2098.86
20160701,2102.95
20160705,2088.55
20160706,2099.73
20160707,2097.9
20160708,2129.9
20160711,2137.16
20160712,2152.14
20160713,2152.43
20160714,2163.75
20160715,2161.74
20160718,2166.89
20160719,2163.78
20160720,2173.02
20160721,2165.17
20160722,2175.03
20160725,2168.48
20160726,2169.18
20160727,2166.58
20160728,2170.06
20160729,2173.6
20160801,2170.84
20160802,2157.03
20160803,2163.79
20160804,2164.25
20160805,2182.87
20160808,2180.89
20160809,2181.74
20160810,2175.49
20160811,2185.79
20160812,2184.05
20160815,2190.15
20160816,2178.15
20160817,2182.22
20160818,2187.02
20160819,2183.87
20160822,2182.64
20160823,2186.9
20160824,2175.44
20160825,2172.47
20160826,2169.04
20160829,2180.38
20160830,2176.12
20160831,2170.95
20160901,2170.86
20160902,2179.98
20160906,2186.48
20160907,2186.16
20160908,2181.3
20160909,2127.81
20160912,2159.04
20160913,2127.02
20160914,2125.77
20160915,2147.26
20160916,2139.16
20160919,2139.12
20160920,2139.76
20160921,2163.12
20160922,2177.18
20160923,2164.69
20160926,2146.1
20160927,2159.93
20160928,2171.37
20160929,2151.13
20160930,2168.27
20161003,2161.2
20161004,2150.49
20161005,2159.73
20161006,2160.77
20161007,2153.74
20161010,2163.66
20161011,2136.73
20161012,2139.18
20161013,2132.55
20161014,2132.98
20161017,2126.5
20161018,2139.6
20161019,2144.29
20161020,2141.34
20161021,2141.16
20161024,2151.33
20161025,2143.16
20161026,2139.43
20161027,2133.04
20161028,2126.41
20161031,2126.15
20161101,2111.72
20161102,2097.94
20161103,2088.66
20161104,2085.18
20161107,2131.52
20161108,2139.56
20161109,2163.26
20161110,2167.48
20161111,2164.45
20161114,2164.2
20161115,2180.39
20161116,2176.94
20161117,2187.12
20161118,2181.9
20161121,2198.18
20161122,2202.94
20161123,2204.72
20161125,2213.35
20161128,2201.72
20161129,2204.66
20161130,2198.81
20161201,2191.08
20161202,2191.95
20161205,2204.71
20161206,2212.23
20161207,2241.35
20161208,2246.19
20161209,2259.53
20161212,2256.96
20161213,2271.72
20161214,2253.28
20161215,2262.03
20161216,2258.07
20161219,2262.53
20161220,2270.76
20161221,2265.18
20161222,2260.96
20161223,2263.79
20161227,2268.88
20161228,2249.92
20161229,2249.26
20161230,2238.83
20170103,2257.83
20170104,2270.75
20170105,2269
20170106,2276.98
20170109,2268.9
20170110,2268.9
20170111,2275.32
20170112,2270.44
20170113,2274.64
20170117,2267.89
20170118,2271.89
20170119,2263.69
20170120,2271.31
20170123,2265.2
20170124,2280.07
20170125,2298.37
20170126,2296.68
20170127,2294.69
20170130,2280.9
20170131,2278.87
20170201,2279.55
20170202,2280.85
20170203,2297.42
20170206,2292.56
20170207,2293.08
20170208,2294.67
20170209,2307.87
20170210,2316.1
20170213,2328.25
20170214,2337.58
20170215,2349.25
20170216,2347.22
20170217,2351.16
20170221,2365.38
20170222,2362.82
20170223,2363.81
20170224,2367.34
20170227,2369.75
20170228,2363.64
20170301,2395.96
20170302,2381.92
20170303,2383.12
20170306,2375.31
20170307,2368.39
20170308,2362.98
20170309,2364.87
20170310,2372.6
20170313,2373.47
20170314,2365.45
20170315,2385.26
20170316,2381.38
20170317,2378.25
20170320,2373.47
20170321,2344.02
20170322,2348.45
20170323,2345.96
20170324,2343.98
20170327,2341.59
20170328,2358.57
20170329,2361.13
20170330,2368.06
20170331,2362.72
20170403,2358.84
20170404,2360.16
20170405,2352.95
20170406,2357.49
20170407,2355.54
20170410,2357.16
20170411,2353.78
20170412,2344.93
20170413,2328.95
20170417,2349.01
20170418,2342.19
20170419,2338.17
20170420,2355.84
20170421,2348.69
20170424,2374.15
20170425,2388.61
20170426,2387.45
20170427,2388.77
20170428,2384.2
20170501,2388.33
20170502,2391.17
20170503,2388.13
20170504,2389.52
20170505,2399.29
20170508,2399.38
20170509,2396.92
20170510,2399.63
20170511,2394.44
20170512,2390.9
20170515,2402.32
20170516,2400.67
20170517,2357.03
20170518,2365.72
20170519,2381.73
20170522,2394.02
20170523,2398.42
20170524,2404.39
20170525,2415.07
20170526,2415.82
20170530,2412.91
20170531,2411.8
20170601,2430.06
20170602,2439.07
20170605,2436.1
20170606,2429.33
20170607,2433.14
20170608,2433.79
20170609,2431.77
20170612,2429.39
20170613,2440.35
20170614,2437.92
20170615,2432.46
20170616,2433.15
20170619,2453.46
20170620,2437.03
20170621,2435.61
20170622,2434.5
20170623,2438.3
20170626,2439.07
20170627,2419.38
20170628,2440.69
20170629,2419.7
20170630,2423.41
20170703,2429.01
20170705,2432.54
20170706,2409.75
20170707,2425.18
20170710,2427.43
20170711,2425.53
20170712,2443.25
20170713,2447.83
20170714,2459.27
20170717,2459.14
20170718,2460.61
20170719,2473.83
20170720,2473.45
20170721,2472.54
20170724,2469.91
20170725,2477.13
20170726,2477.83
20170727,2475.42
20170728,2472.1
20170731,2470.3
20170801,2476.35
20170802,2477.57
20170803,2472.16
20170804,2476.83
20170807,2480.91
20170808,2474.92
20170809,2474.02
20170810,2438.21
20170811,2441.32
20170814,2465.84
20170815,2464.61
20170816,2468.11
20170817,2430.01
20170818,2425.55
20170821,2428.37
20170822,2452.51
20170823,2444.04
20170824,2438.97
20170825,2443.05
20170828,2444.24
20170829,2446.3
20170830,2457.59
20170831,2471.65
20170901,2476.55
20170905,2457.85
20170906,2465.54
20170907,2465.1
20170908,2461.43
20170911,2488.11
20170912,2496.48
20170913,2498.37
20170914,2495.62
20170915,2500.23
20170918,2503.87
20170919,2506.65
20170920,2508.24
20170921,2500.6
20170922,2502.22
20170925,2496.66
20170926,2496.84
20170927,2507.04
20170928,2510.06
20170929,2519.36
20171002,2529.12
20171003,2534.58
20171004,2537.74
20171005,2552.07
20171006,2549.33
20171009,2544.73
20171010,2550.64
20171011,2555.24
20171012,2550.93
20171013,2553.17
20171016,2557.64
20171017,2559.36
20171018,2561.26
20171019,2562.1
20171020,2575.21
20171023,2564.98
20171024,2569.13
20171025,2557.15
20171026,2560.4
20171027,2581.07
20171030,2572.83
20171031,2575.26
20171101,2579.36
20171102,2579.85
20171103,2587.84
20171106,2591.13
20171107,2590.64
20171108,2594.38
20171109,2584.62
20171110,2582.3
20171113,2584.84
20171114,2578.87
20171115,2564.62
20171116,2585.64
20171117,2578.85
20171120,2582.14
20171121,2599.03
20171122,2597.08
20171124,2602.42
20171127,2601.42
20171128,2627.04
20171129,2626.07
20171130,2647.58
20171201,2642.22
20171204,2639.44
20171205,2629.57
20171206,2629.27
20171207,2636.98
20171208,2651.5
20171211,2659.99
20171212,2664.11
20171213,2662.85
20171214,2652.01
20171215,2675.81
20171218,2690.16
20171219,2681.47
20171220,2679.25
20171221,2684.57
20171222,2683.34
20171226,2680.5
20171227,2682.62
20171228,2687.54
20171229,2673.61
